-- Database Backup: pagsanjan_solo_parent
-- Generated: 2026-03-10 00:46:08
-- --------------------------------------------------------

SET FOREIGN_KEY_CHECKS=0;

-- Table structure for table `admin_staff`
DROP TABLE IF EXISTS `admin_staff`;
CREATE TABLE `admin_staff` (
  `id` bigint(20) unsigned NOT NULL AUTO_INCREMENT,
  `username` varchar(255) NOT NULL,
  `email` varchar(255) NOT NULL,
  `password` varchar(255) NOT NULL,
  `full_name` varchar(255) NOT NULL,
  `avatar` varchar(255) DEFAULT NULL,
  `role` varchar(255) NOT NULL,
  `status` varchar(255) NOT NULL DEFAULT 'active',
  `last_login` timestamp NULL DEFAULT NULL,
  `created_at` timestamp NULL DEFAULT NULL,
  `updated_at` timestamp NULL DEFAULT NULL,
  `deleted_at` timestamp NULL DEFAULT NULL,
  PRIMARY KEY (`id`),
  UNIQUE KEY `admin_staff_username_unique` (`username`),
  UNIQUE KEY `admin_staff_email_unique` (`email`)
) ENGINE=InnoDB AUTO_INCREMENT=10 DEFAULT CHARSET=utf8mb4 COLLATE=utf8mb4_unicode_ci;

-- Dumping data for table `admin_staff`
INSERT INTO `admin_staff` VALUES 
('1', 'admin', 'admin', '$2y$12$cL0e5HzW1dW19lyJTBf2E.msRRmD6686GyclN10VZOBzVO05SdIMe', 'Administrator', NULL, 'admin', 'active', '2026-03-10 00:45:56', '2026-02-02 13:46:08', '2026-03-10 00:45:56', NULL),
('2', 'gabo', 'gabo@gmail.com', '$2y$12$PxSwmYoTyHsSF24L9VdgkOCBS5acuvJVabyEqp5BO2KdZMur.fJ5S', 'Gabo Santos', NULL, 'staff', 'active', NULL, '2026-02-16 07:27:34', '2026-02-20 02:27:35', '2026-02-20 02:27:35'),
('3', 'gaboo', 'gabo1@gmail.com', '$2y$12$usrQclB3.TcH0IGI9dzWqu1QVqvGdIf8UD/GB2Mxv2Joz6iUMA4Me', 'Gabo Santos', NULL, 'staff', 'active', '2026-02-18 05:39:12', '2026-02-16 07:29:11', '2026-02-20 02:27:45', '2026-02-20 02:27:45'),
('4', 'renz', 'renz@gmail.com', '$2y$12$ZOcpZdD/EQ7zpc3gJ.a9BOgwJ6Rz.JjuoTKd11Ykhx3r6Dce/eCH2', 'Renz Calapao', NULL, 'staff', 'active', '2026-02-18 02:00:16', '2026-02-18 01:59:48', '2026-02-18 02:00:16', NULL),
('5', 'teststaff_1771397659', 'teststaff_1771397659@example.com', '$2y$12$Pcq3XSVr37EzbATo9ldSWeDun53qBw/Yi6vaZnnSxRPvQihiCE.7S', 'Test Staff', NULL, 'staff', 'active', NULL, '2026-02-18 06:54:20', '2026-02-20 02:27:54', '2026-02-20 02:27:54'),
('6', 'gekloi', 'baho@gmail.com', '$2y$12$q70VP7qa4cWtBWmaNHof5e296iiY.qTwhfIKRES8Mc./VuP3/tQWe', 'Gekloi Baho', NULL, 'staff', 'active', '2026-02-18 07:12:41', '2026-02-18 07:12:24', '2026-02-18 07:12:41', NULL),
('7', 'dexter', 'dex@gmail.com', '$2y$12$oFWnvc/4ixim0lMa.xDChuktiDW4bQuzzu5.uyhfDZ.Eqd6uTdVDi', 'Dexter Rebong', NULL, 'staff', 'active', '2026-03-05 15:07:44', '2026-02-26 06:35:09', '2026-03-05 15:07:44', NULL),
('8', 'testadmin', 'testadmin@example.com', '$2y$12$KZmu..k2EJfmnoxQAjKtseKuyVlj/ocbkaMwF1FN1W.2XvAdFxq/O', 'Test Admin', NULL, 'admin', 'active', '2026-03-04 06:31:20', '2026-03-04 06:31:01', '2026-03-04 08:38:13', '2026-03-04 08:38:13'),
('9', 'mayor', 'mayor@pagsanjan.gov.ph', '$2y$12$wQkKoHnivNydo.7rz0JuA.dHUlj/3pD938HmodzsDm5MX474NDGTK', 'Hon. Mayor', NULL, 'mayor', 'active', '2026-03-06 00:42:56', '2026-03-05 13:10:59', '2026-03-06 00:42:56', NULL);

-- Table structure for table `applicants`
DROP TABLE IF EXISTS `applicants`;
CREATE TABLE `applicants` (
  `id` int(11) NOT NULL AUTO_INCREMENT,
  `first_name` varchar(100) NOT NULL,
  `middle_name` varchar(100) DEFAULT NULL,
  `last_name` varchar(100) NOT NULL,
  `dob` date NOT NULL,
  `age` int(11) DEFAULT NULL,
  `sex` enum('Male','Female','Other') NOT NULL,
  `place_of_birth` varchar(255) DEFAULT NULL,
  `address` text NOT NULL,
  `barangay` varchar(100) NOT NULL,
  `educational_attainment` varchar(100) DEFAULT NULL,
  `occupation` varchar(100) DEFAULT NULL,
  `company_agency` varchar(100) DEFAULT NULL,
  `employment_status` enum('Employed','Self-employed','Not employed') DEFAULT NULL,
  `religion` varchar(50) DEFAULT NULL,
  `monthly_income` decimal(10,2) DEFAULT NULL,
  `contact_number` varchar(20) DEFAULT NULL,
  `email_address` varchar(100) DEFAULT NULL,
  `is_pantawid_beneficiary` tinyint(1) DEFAULT 0,
  `is_indigenous_person` tinyint(1) DEFAULT 0,
  `is_lgbtq` tinyint(1) DEFAULT 0,
  `classification_details` text DEFAULT NULL,
  `needs_problems` text DEFAULT NULL,
  `house_ownership_status` varchar(255) DEFAULT NULL,
  `house_condition` varchar(255) DEFAULT NULL,
  `created_at` timestamp NOT NULL DEFAULT current_timestamp(),
  `updated_at` timestamp NOT NULL DEFAULT current_timestamp() ON UPDATE current_timestamp(),
  `deleted_at` timestamp NULL DEFAULT NULL,
  PRIMARY KEY (`id`)
) ENGINE=InnoDB AUTO_INCREMENT=59 DEFAULT CHARSET=utf8mb4 COLLATE=utf8mb4_unicode_ci;

-- Dumping data for table `applicants`
INSERT INTO `applicants` VALUES 
('47', 'Renz', 'Redera', 'Calapao', '1976-07-14', NULL, 'Male', 'Dayap, Calauan, Laguna', 'Lambac, Pagsanjan, Laguna', 'Lambac', 'Post-Graduate', 'N/A', 'Subo Company', 'Not employed', 'Catholic', '10.00', '09374647292', 'renz@gmail.com', '0', '0', '0', 'Binugbog ng asawa', 'Pera', NULL, NULL, '2026-02-19 05:23:56', '2026-02-19 05:23:56', NULL),
('50', 'Jencel', 'Pogi', 'Sofer', '2002-05-19', NULL, 'Female', 'Brgy, Duhat, Sta, Cruz, Laguna', 'Calusiche, Pagsanjan, Laguna', 'Calusiche', 'College', 'Programmer', 'Dyan Langssss', 'Self-employed', 'Muslim', '999998.00', '09306942545', 'jencelsofer@gmail.com', '0', '0', '0', 'Nakakatamad', 'Pera', NULL, NULL, '2026-02-20 02:39:16', '2026-02-20 02:39:16', NULL),
('51', 'Gelo', 'Rebong', 'Redera', '1992-12-17', NULL, 'Female', 'Dayap, Calauan, Laguna', 'Magdapio, Pagsanjan, Laguna', 'Magdapio', 'Elementary', 'Tambay', 'Sinungaling Company', 'Self-employed', 'Buddism', '1444.00', '09349473874', 'gelo@gmail.com', '0', '0', '0', 'Mabaho', 'Hininga', NULL, NULL, '2026-02-20 02:50:22', '2026-02-20 02:50:22', NULL),
('52', 'Gabo', 'Arguidas', 'Redera', '1991-11-13', NULL, 'Female', 'dsffsdfs', 'fdsfssf', 'Anibong', 'High School', 'werwr', 'dfgfd', 'Employed', 'INC', '1.00', '53434334343', 'gabo@gmail.com', '0', '0', '0', 'sdfds', 'sfddsfs', NULL, NULL, '2026-02-20 06:02:16', '2026-02-20 06:02:16', NULL),
('53', 'Faith', 'Ferrera', 'Plata', '2003-11-12', NULL, 'Female', 'Bangkal, Los Banos, Laguna', 'Poblacion, Pagsanjan, Laguna', 'Poblacion Dos', 'College', 'Data Analyst', 'Mango Royal', 'Not employed', 'Born Again', '1000.00', '09437487987', 'faith@gmail.com', '0', '0', '0', 'Wala', 'Money Game', NULL, NULL, '2026-02-24 16:38:56', '2026-02-24 16:38:56', NULL),
('54', 'Dman', 'Gekloi', 'Redera', '1978-06-13', NULL, 'Male', 'Gatid, Santa Cruz, Laguna', 'Sampaloc, Pagsanjan, Laguna', 'Sampaloc', 'High School', 'Tambay', 'Tambay.com', 'Not employed', 'Catholic', '1.00', '03493493849', 'dman@gmail.com', '0', '0', '0', 'Mbaho', 'tumambay', NULL, NULL, '2026-02-26 01:35:34', '2026-02-26 01:35:34', NULL),
('55', 'Annalyn', 'Padin', 'Marcos', '1992-07-30', NULL, 'Female', 'Lalo, Tayabas City, Quezon', 'Maulawin, Pagsanjan, Laguna', 'Maulawin', 'High School', 'Housewife', 'PrimeWater', 'Self-employed', 'Catholic', '1000.00', '09374647292', 'annamarcos@gmail.com', '0', '0', '0', 'Iniwan ng asawa', 'Pera at bahay', NULL, NULL, '2026-03-03 02:52:15', '2026-03-03 06:12:27', NULL),
('56', 'Jan Reinnen', 'Suarez', 'Calapao', '2003-10-07', NULL, 'Male', 'Dayap', '052 Ibaba Subdivision', 'Anibong', 'College', 'Magweweteng', 'PCSO', 'Self-employed', 'Catholic', '200000.00', '09616969801', 'renzcalapao12@gmail.com', '0', '0', '0', 'Pinagpalit sa tomboy', 'Pagmamahal', NULL, NULL, '2026-03-05 08:23:30', '2026-03-05 08:23:30', NULL),
('57', 'Linda', 'Areza', 'Walker', '1996-02-21', NULL, 'Female', 'Pagsanjan, Laguna', 'Brgy. Anibong Pagsanjan, Laguna', 'Anibong', 'Vocational', 'Stewardess', 'Cebu Pacific', 'Employed', 'Catholic', '20000.00', '09261736252', 'lindawalker@gmail.com', '0', '0', '0', 'Namatay asawa', 'Financial para sa anak at sa araw araw na makakain', NULL, NULL, '2026-03-05 08:29:35', '2026-03-05 08:29:35', NULL),
('58', 'Applicant1', 'M', 'Test', '1996-03-05', NULL, 'Male', 'Pagsanjan, Laguna', '1 Sample Street, Pagsanjan', 'Buboy', 'High School', 'Housewife', NULL, 'Self-employed', NULL, '5500.00', '09000000001', NULL, '0', '0', '0', NULL, NULL, NULL, NULL, '2026-03-05 13:10:59', '2026-03-05 13:10:59', NULL);

-- Table structure for table `application_documents`
DROP TABLE IF EXISTS `application_documents`;
CREATE TABLE `application_documents` (
  `id` bigint(20) unsigned NOT NULL AUTO_INCREMENT,
  `application_id` int(11) NOT NULL,
  `type` varchar(255) NOT NULL,
  `file_path` varchar(255) DEFAULT NULL,
  `status` varchar(255) NOT NULL DEFAULT 'Pending',
  `remarks` text DEFAULT NULL,
  `created_at` timestamp NULL DEFAULT NULL,
  `updated_at` timestamp NULL DEFAULT NULL,
  PRIMARY KEY (`id`),
  KEY `application_documents_application_id_foreign` (`application_id`),
  CONSTRAINT `application_documents_application_id_foreign` FOREIGN KEY (`application_id`) REFERENCES `applications` (`id`) ON DELETE CASCADE
) ENGINE=InnoDB AUTO_INCREMENT=98 DEFAULT CHARSET=utf8mb4 COLLATE=utf8mb4_unicode_ci;

-- Dumping data for table `application_documents`
INSERT INTO `application_documents` VALUES 
('13', '46', 'Solo Parent Application Form', '/storage/documents/APP46_solo-parent-application-form_1771478638.jpeg', 'Verified', NULL, '2026-02-19 05:23:58', '2026-02-20 05:32:02'),
('14', '46', 'Brgy Cert of Solo Parent', '/storage/documents/APP46_brgy-cert-of-solo-parent_1771478638.jpeg', 'Verified', NULL, '2026-02-19 05:23:58', '2026-02-19 05:24:55'),
('15', '46', 'Brgy Cert of Children', '/storage/documents/APP46_brgy-cert-of-children_1771478638.jpeg', 'Verified', NULL, '2026-02-19 05:23:58', '2026-02-19 05:24:56'),
('16', '46', 'Marriage Contract (for married)', '/storage/documents/APP46_marriage-contract-for-married_1771478638.jpeg', 'Verified', NULL, '2026-02-19 05:23:58', '2026-02-19 05:25:01'),
('17', '46', '1x1 ID Picture (2pcs)', '/storage/documents/APP46_1x1-id-picture-2pcs_1771478638.jpeg', 'Verified', NULL, '2026-02-19 05:23:58', '2026-02-19 05:25:03'),
('18', '46', 'ITR (for working applicants)', '/storage/documents/APP46_itr-for-working-applicants_1771478638.jpeg', 'Verified', NULL, '2026-02-19 05:23:58', '2026-02-19 05:25:05'),
('19', '46', 'Sworn Statement (Affidavit of Solo Parent)', '/storage/documents/APP46_sworn-statement-affidavit-of-solo-parent_1771478638.jpeg', 'Verified', NULL, '2026-02-19 05:23:58', '2026-02-19 05:25:06'),
('20', '46', 'Brgy Cert of Applicant', '/storage/documents/APP46_brgy-cert-of-applicant_1771478638.jpeg', 'Verified', NULL, '2026-02-19 05:23:58', '2026-02-19 05:25:07'),
('21', '46', 'Birth Certificate (PSA) of the Child/ren', '/storage/documents/APP46_birth-certificate-psa-of-the-children_1771478638.jpeg', 'Verified', NULL, '2026-02-19 05:23:58', '2026-02-19 05:25:09'),
('22', '46', 'Death Cert (for widow)', '/storage/documents/APP46_death-cert-for-widow_1771478638.jpeg', 'Verified', NULL, '2026-02-19 05:23:58', '2026-02-19 05:25:10'),
('23', '46', 'Photo of Parent and Child/ren', '/storage/documents/APP46_photo-of-parent-and-children_1771478638.jpeg', 'Verified', NULL, '2026-02-19 05:23:58', '2026-02-19 05:25:14'),
('24', '46', 'Applicant\'s Narrative', '/storage/documents/APP46_applicants-narrative_1771478638.jpeg', 'Verified', NULL, '2026-02-19 05:23:58', '2026-02-19 05:25:15'),
('25', '49', 'Solo Parent Application Form', '/storage/documents/APP49_solo-parent-application-form_1771555157.jpeg', 'Verified', NULL, '2026-02-20 02:39:17', '2026-02-20 05:48:19'),
('26', '49', 'Brgy Cert of Solo Parent', '/storage/documents/APP49_brgy-cert-of-solo-parent_1771555157.jpeg', 'Verified', NULL, '2026-02-20 02:39:17', '2026-02-20 05:48:20'),
('27', '49', 'Brgy Cert of Children', '/storage/documents/APP49_brgy-cert-of-children_1771555157.jpeg', 'Verified', NULL, '2026-02-20 02:39:17', '2026-02-20 05:48:22'),
('28', '49', 'Marriage Contract (for married)', '/storage/documents/APP49_marriage-contract-for-married_1771555157.jpeg', 'Verified', NULL, '2026-02-20 02:39:17', '2026-02-20 05:48:23'),
('29', '49', '1x1 ID Picture (2pcs)', '/storage/documents/APP49_1x1-id-picture-2pcs_1771555157.jpeg', 'Verified', NULL, '2026-02-20 02:39:17', '2026-02-20 05:48:24'),
('30', '49', 'ITR (for working applicants)', '/storage/documents/APP49_itr-for-working-applicants_1771555157.jpeg', 'Verified', NULL, '2026-02-20 02:39:17', '2026-02-20 05:48:28'),
('31', '49', 'Sworn Statement (Affidavit of Solo Parent)', '/storage/documents/APP49_sworn-statement-affidavit-of-solo-parent_1771555157.jpeg', 'Verified', NULL, '2026-02-20 02:39:17', '2026-02-20 05:48:26'),
('32', '49', 'Brgy Cert of Applicant', '/storage/documents/APP49_brgy-cert-of-applicant_1771555157.jpeg', 'Verified', NULL, '2026-02-20 02:39:17', '2026-02-20 05:48:25'),
('33', '49', 'Birth Certificate (PSA) of the Child/ren', '/storage/documents/APP49_birth-certificate-psa-of-the-children_1771555157.jpeg', 'Verified', NULL, '2026-02-20 02:39:17', '2026-02-20 05:48:48'),
('34', '49', 'Death Cert (for widow)', '/storage/documents/APP49_death-cert-for-widow_1771555157.jpeg', 'Verified', NULL, '2026-02-20 02:39:17', '2026-02-20 05:48:40'),
('35', '49', 'Photo of Parent and Child/ren', '/storage/documents/APP49_photo-of-parent-and-children_1771555157.jpeg', 'Verified', NULL, '2026-02-20 02:39:17', '2026-02-20 05:48:39'),
('36', '49', 'Applicant\'s Narrative', '/storage/documents/APP49_applicants-narrative_1771555157.jpeg', 'Verified', NULL, '2026-02-20 02:39:17', '2026-02-20 05:48:41'),
('37', '51', 'Solo Parent Application Form', '/storage/documents/APP51_solo-parent-application-form_1771567338.pdf', 'Pending', NULL, '2026-02-20 06:02:19', '2026-02-20 06:02:19'),
('38', '51', 'Brgy Cert of Solo Parent', '/storage/documents/APP51_brgy-cert-of-solo-parent_1771567339.pdf', 'Pending', NULL, '2026-02-20 06:02:19', '2026-02-20 06:02:19'),
('39', '51', 'Brgy Cert of Children', '/storage/documents/APP51_brgy-cert-of-children_1771567339.pdf', 'Pending', NULL, '2026-02-20 06:02:19', '2026-02-20 06:02:19'),
('40', '51', 'Marriage Contract (for married)', '/storage/documents/APP51_marriage-contract-for-married_1771567339.pdf', 'Pending', NULL, '2026-02-20 06:02:19', '2026-02-20 06:02:19'),
('41', '51', '1x1 ID Picture (2pcs)', '/storage/documents/APP51_1x1-id-picture-2pcs_1771567339.pdf', 'Pending', NULL, '2026-02-20 06:02:19', '2026-02-20 06:02:19'),
('42', '51', 'ITR (for working applicants)', '/storage/documents/APP51_itr-for-working-applicants_1771567339.pdf', 'Pending', NULL, '2026-02-20 06:02:19', '2026-02-20 06:02:19'),
('43', '51', 'Applicant\'s Narrative', '/storage/documents/APP51_applicants-narrative_1771567339.pdf', 'Pending', NULL, '2026-02-20 06:02:19', '2026-02-20 06:02:19'),
('44', '51', 'Photo of Parent and Child/ren', '/storage/documents/APP51_photo-of-parent-and-children_1771567339.pdf', 'Pending', NULL, '2026-02-20 06:02:19', '2026-02-20 06:02:19'),
('45', '51', 'Death Cert (for widow)', '/storage/documents/APP51_death-cert-for-widow_1771567339.pdf', 'Pending', NULL, '2026-02-20 06:02:19', '2026-02-20 06:02:19'),
('46', '51', 'Birth Certificate (PSA) of the Child/ren', '/storage/documents/APP51_birth-certificate-psa-of-the-children_1771567339.pdf', 'Pending', NULL, '2026-02-20 06:02:19', '2026-02-20 06:02:19'),
('47', '51', 'Sworn Statement (Affidavit of Solo Parent)', '/storage/documents/APP51_sworn-statement-affidavit-of-solo-parent_1771567339.pdf', 'Pending', NULL, '2026-02-20 06:02:19', '2026-02-20 06:02:19'),
('48', '51', 'Brgy Cert of Applicant', '/storage/documents/APP51_brgy-cert-of-applicant_1771567339.pdf', 'Pending', NULL, '2026-02-20 06:02:19', '2026-02-20 06:02:19'),
('49', '52', 'Solo Parent Application Form', '/storage/documents/APP52_solo-parent-application-form_1771951137.pdf', 'Pending', NULL, '2026-02-24 16:38:57', '2026-02-24 16:38:57'),
('50', '52', 'Brgy Cert of Solo Parent', '/storage/documents/APP52_brgy-cert-of-solo-parent_1771951137.pdf', 'Pending', NULL, '2026-02-24 16:38:57', '2026-02-24 16:38:57'),
('51', '52', 'Brgy Cert of Children', '/storage/documents/APP52_brgy-cert-of-children_1771951137.pdf', 'Pending', NULL, '2026-02-24 16:38:57', '2026-02-24 16:38:57'),
('52', '52', 'Marriage Contract (for married)', '/storage/documents/APP52_marriage-contract-for-married_1771951137.pdf', 'Pending', NULL, '2026-02-24 16:38:57', '2026-02-24 16:38:57'),
('53', '52', '1x1 ID Picture (2pcs)', '/storage/documents/APP52_1x1-id-picture-2pcs_1771951137.pdf', 'Pending', NULL, '2026-02-24 16:38:57', '2026-02-24 16:38:57'),
('54', '52', 'ITR (for working applicants)', '/storage/documents/APP52_itr-for-working-applicants_1771951137.pdf', 'Pending', NULL, '2026-02-24 16:38:57', '2026-02-24 16:38:57'),
('55', '52', 'Applicant\'s Narrative', '/storage/documents/APP52_applicants-narrative_1771951137.pdf', 'Pending', NULL, '2026-02-24 16:38:57', '2026-02-24 16:38:57'),
('56', '52', 'Photo of Parent and Child/ren', '/storage/documents/APP52_photo-of-parent-and-children_1771951137.pdf', 'Pending', NULL, '2026-02-24 16:38:57', '2026-02-24 16:38:57'),
('57', '52', 'Death Cert (for widow)', '/storage/documents/APP52_death-cert-for-widow_1771951137.pdf', 'Pending', NULL, '2026-02-24 16:38:57', '2026-02-24 16:38:57'),
('58', '52', 'Birth Certificate (PSA) of the Child/ren', '/storage/documents/APP52_birth-certificate-psa-of-the-children_1771951137.pdf', 'Pending', NULL, '2026-02-24 16:38:57', '2026-02-24 16:38:57'),
('59', '52', 'Brgy Cert of Applicant', '/storage/documents/APP52_brgy-cert-of-applicant_1771951137.pdf', 'Pending', NULL, '2026-02-24 16:38:58', '2026-02-24 16:38:58'),
('60', '52', 'Sworn Statement (Affidavit of Solo Parent)', '/storage/documents/APP52_sworn-statement-affidavit-of-solo-parent_1771951138.pdf', 'Pending', NULL, '2026-02-24 16:38:58', '2026-02-24 16:38:58'),
('61', '53', 'Solo Parent Application Form', '/storage/documents/APP53_solo-parent-application-form_1772069738.pdf', 'Pending', NULL, '2026-02-26 01:35:38', '2026-02-26 01:35:38'),
('62', '53', 'Brgy Cert of Solo Parent', '/storage/documents/APP53_brgy-cert-of-solo-parent_1772069738.pdf', 'Pending', NULL, '2026-02-26 01:35:38', '2026-02-26 01:35:38'),
('63', '53', 'Brgy Cert of Children', '/storage/documents/APP53_brgy-cert-of-children_1772069738.pdf', 'Pending', NULL, '2026-02-26 01:35:38', '2026-02-26 01:35:38'),
('64', '53', 'Marriage Contract (for married)', '/storage/documents/APP53_marriage-contract-for-married_1772069738.pdf', 'Pending', NULL, '2026-02-26 01:35:38', '2026-02-26 01:35:38'),
('65', '53', '1x1 ID Picture (2pcs)', '/storage/documents/APP53_1x1-id-picture-2pcs_1772069738.pdf', 'Pending', NULL, '2026-02-26 01:35:38', '2026-02-26 01:35:38'),
('66', '53', 'ITR (for working applicants)', '/storage/documents/APP53_itr-for-working-applicants_1772069738.pdf', 'Pending', NULL, '2026-02-26 01:35:38', '2026-02-26 01:35:38'),
('67', '53', 'Sworn Statement (Affidavit of Solo Parent)', '/storage/documents/APP53_sworn-statement-affidavit-of-solo-parent_1772069739.pdf', 'Pending', NULL, '2026-02-26 01:35:39', '2026-02-26 01:35:39'),
('68', '53', 'Brgy Cert of Applicant', '/storage/documents/APP53_brgy-cert-of-applicant_1772069739.pdf', 'Pending', NULL, '2026-02-26 01:35:39', '2026-02-26 01:35:39'),
('69', '53', 'Birth Certificate (PSA) of the Child/ren', '/storage/documents/APP53_birth-certificate-psa-of-the-children_1772069739.pdf', 'Pending', NULL, '2026-02-26 01:35:39', '2026-02-26 01:35:39'),
('70', '53', 'Death Cert (for widow)', '/storage/documents/APP53_death-cert-for-widow_1772069739.pdf', 'Pending', NULL, '2026-02-26 01:35:39', '2026-02-26 01:35:39'),
('71', '53', 'Photo of Parent and Child/ren', '/storage/documents/APP53_photo-of-parent-and-children_1772069739.pdf', 'Pending', NULL, '2026-02-26 01:35:39', '2026-02-26 01:35:39'),
('72', '53', 'Applicant\'s Narrative', '/storage/documents/APP53_applicants-narrative_1772069739.pdf', 'Pending', NULL, '2026-02-26 01:35:39', '2026-02-26 01:35:39'),
('73', '54', 'Solo Parent Application Form', '/storage/documents/APP54_solo-parent-application-form_1772506342.png', 'Pending', NULL, '2026-03-03 02:52:22', '2026-03-03 02:52:22'),
('74', '54', 'Brgy Cert of Solo Parent', '/storage/documents/APP54_brgy-cert-of-solo-parent_1772506342.png', 'Pending', NULL, '2026-03-03 02:52:22', '2026-03-03 02:52:22'),
('75', '54', 'Brgy Cert of Children', '/storage/documents/APP54_brgy-cert-of-children_1772506342.png', 'Pending', NULL, '2026-03-03 02:52:22', '2026-03-03 02:52:22'),
('76', '54', 'Marriage Contract (for married)', '/storage/documents/APP54_marriage-contract-for-married_1772506342.png', 'Pending', NULL, '2026-03-03 02:52:22', '2026-03-03 02:52:22'),
('77', '54', '1x1 ID Picture (2pcs)', '/storage/documents/APP54_1x1-id-picture-2pcs_1772506342.png', 'Pending', NULL, '2026-03-03 02:52:23', '2026-03-03 02:52:23'),
('78', '54', 'ITR (for working applicants)', '/storage/documents/APP54_itr-for-working-applicants_1772506343.png', 'Pending', NULL, '2026-03-03 02:52:23', '2026-03-03 02:52:23'),
('79', '54', 'Applicant\'s Narrative', '/storage/documents/APP54_applicants-narrative_1772506343.png', 'Pending', NULL, '2026-03-03 02:52:23', '2026-03-03 02:52:23'),
('80', '54', 'Photo of Parent and Child/ren', '/storage/documents/APP54_photo-of-parent-and-children_1772506343.png', 'Pending', NULL, '2026-03-03 02:52:23', '2026-03-03 02:52:23'),
('81', '54', 'Death Cert (for widow)', '/storage/documents/APP54_death-cert-for-widow_1772506343.png', 'Pending', NULL, '2026-03-03 02:52:23', '2026-03-03 02:52:23'),
('82', '54', 'Sworn Statement (Affidavit of Solo Parent)', '/storage/documents/APP54_sworn-statement-affidavit-of-solo-parent_1772506343.png', 'Pending', NULL, '2026-03-03 02:52:23', '2026-03-03 02:52:23'),
('83', '54', 'Brgy Cert of Applicant', '/storage/documents/APP54_brgy-cert-of-applicant_1772506343.png', 'Pending', NULL, '2026-03-03 02:52:23', '2026-03-03 02:52:23'),
('84', '54', 'Birth Certificate (PSA) of the Child/ren', '/storage/documents/APP54_birth-certificate-psa-of-the-children_1772506343.png', 'Pending', NULL, '2026-03-03 02:52:23', '2026-03-03 02:52:23'),
('85', '55', '1x1 ID Picture (2pcs)', '/storage/documents/APP55_1x1-id-picture-2pcs_1772699011.jpg', 'Pending', NULL, '2026-03-05 08:23:31', '2026-03-05 08:23:31'),
('86', '56', 'Solo Parent Application Form', '/storage/documents/APP56_solo-parent-application-form_1772699376.png', 'Pending', NULL, '2026-03-05 08:29:36', '2026-03-05 08:29:36'),
('87', '56', 'Brgy Cert of Solo Parent', '/storage/documents/APP56_brgy-cert-of-solo-parent_1772699376.png', 'Pending', NULL, '2026-03-05 08:29:36', '2026-03-05 08:29:36'),
('88', '56', 'Brgy Cert of Children', '/storage/documents/APP56_brgy-cert-of-children_1772699376.png', 'Pending', NULL, '2026-03-05 08:29:36', '2026-03-05 08:29:36'),
('89', '56', 'Marriage Contract (for married)', '/storage/documents/APP56_marriage-contract-for-married_1772699376.png', 'Pending', NULL, '2026-03-05 08:29:36', '2026-03-05 08:29:36'),
('90', '56', '1x1 ID Picture (2pcs)', '/storage/documents/APP56_1x1-id-picture-2pcs_1772699376.png', 'Pending', NULL, '2026-03-05 08:29:36', '2026-03-05 08:29:36'),
('91', '56', 'ITR (for working applicants)', '/storage/documents/APP56_itr-for-working-applicants_1772699376.png', 'Pending', NULL, '2026-03-05 08:29:36', '2026-03-05 08:29:36'),
('92', '56', 'Sworn Statement (Affidavit of Solo Parent)', '/storage/documents/APP56_sworn-statement-affidavit-of-solo-parent_1772699376.png', 'Pending', NULL, '2026-03-05 08:29:36', '2026-03-05 08:29:36'),
('93', '56', 'Brgy Cert of Applicant', '/storage/documents/APP56_brgy-cert-of-applicant_1772699376.png', 'Pending', NULL, '2026-03-05 08:29:36', '2026-03-05 08:29:36'),
('94', '56', 'Birth Certificate (PSA) of the Child/ren', '/storage/documents/APP56_birth-certificate-psa-of-the-children_1772699376.png', 'Pending', NULL, '2026-03-05 08:29:36', '2026-03-05 08:29:36'),
('95', '56', 'Death Cert (for widow)', '/storage/documents/APP56_death-cert-for-widow_1772699376.png', 'Pending', NULL, '2026-03-05 08:29:36', '2026-03-05 08:29:36'),
('96', '56', 'Photo of Parent and Child/ren', '/storage/documents/APP56_photo-of-parent-and-children_1772699376.png', 'Pending', NULL, '2026-03-05 08:29:36', '2026-03-05 08:29:36'),
('97', '56', 'Applicant\'s Narrative', '/storage/documents/APP56_applicants-narrative_1772699376.png', 'Pending', NULL, '2026-03-05 08:29:36', '2026-03-05 08:29:36');

-- Table structure for table `application_status_logs`
DROP TABLE IF EXISTS `application_status_logs`;
CREATE TABLE `application_status_logs` (
  `id` int(11) NOT NULL AUTO_INCREMENT,
  `application_id` int(11) NOT NULL,
  `status_from` varchar(20) DEFAULT NULL,
  `status_to` varchar(20) DEFAULT NULL,
  `changed_by` int(11) DEFAULT NULL,
  `changed_at` timestamp NOT NULL DEFAULT current_timestamp(),
  `deleted_at` timestamp NULL DEFAULT NULL,
  PRIMARY KEY (`id`),
  KEY `application_id` (`application_id`),
  KEY `changed_by` (`changed_by`),
  CONSTRAINT `application_status_logs_ibfk_1` FOREIGN KEY (`application_id`) REFERENCES `applications` (`id`) ON DELETE CASCADE
) ENGINE=InnoDB AUTO_INCREMENT=47 DEFAULT CHARSET=utf8mb4 COLLATE=utf8mb4_unicode_ci;

-- Dumping data for table `application_status_logs`
INSERT INTO `application_status_logs` VALUES 
('32', '46', 'Pending', 'Approved', '1', '2026-02-19 13:25:45', NULL),
('33', '50', 'Pending', 'Approved', '1', '2026-02-20 10:50:22', NULL),
('34', '49', 'Disapproved', 'Disapproved', '1', '2026-02-20 10:52:40', NULL),
('35', '49', 'Disapproved', 'Approved', '1', '2026-02-20 10:56:39', NULL),
('36', '49', 'Approved', 'Approved', '1', '2026-02-20 13:48:54', NULL),
('37', '51', 'Disapproved', 'Disapproved', '1', '2026-02-20 14:04:21', NULL),
('38', '52', 'Pending', 'Approved', '1', '2026-02-25 00:44:57', NULL),
('39', '53', 'Pending', 'Approved', '1', '2026-02-26 09:37:17', NULL),
('40', '53', 'Approved', 'Approved', '1', '2026-02-26 09:51:29', NULL),
('41', '54', 'Pending', 'Pending', '1', '2026-03-03 10:58:00', NULL),
('42', '54', 'Pending', 'Approved', '1', '2026-03-03 13:58:36', NULL),
('43', '54', 'Approved', 'Approved', '1', '2026-03-03 14:12:27', NULL),
('44', '56', 'Pending', 'Approved', '1', '2026-03-05 16:29:35', NULL),
('45', '55', 'Pending', 'Approved', '1', '2026-03-05 22:48:49', NULL),
('46', '46', 'Approved', 'Approved', '1', '2026-03-05 22:52:11', NULL);

-- Table structure for table `applications`
DROP TABLE IF EXISTS `applications`;
CREATE TABLE `applications` (
  `id` int(11) NOT NULL AUTO_INCREMENT,
  `applicant_id` int(11) NOT NULL,
  `case_number` varchar(50) DEFAULT NULL,
  `id_number` varchar(50) DEFAULT NULL,
  `status` enum('Pending','Approved','Disapproved') DEFAULT 'Pending',
  `category_code` varchar(5) DEFAULT NULL,
  `benefit_code` varchar(255) DEFAULT NULL,
  `date_applied` date DEFAULT curdate(),
  `date_issued` date DEFAULT NULL,
  `expiration_date` date DEFAULT NULL,
  `remarks` text DEFAULT NULL,
  `created_by` int(11) DEFAULT NULL,
  `created_at` timestamp NOT NULL DEFAULT current_timestamp(),
  `updated_at` timestamp NOT NULL DEFAULT current_timestamp() ON UPDATE current_timestamp(),
  `deleted_at` timestamp NULL DEFAULT NULL,
  PRIMARY KEY (`id`),
  UNIQUE KEY `case_number` (`case_number`),
  UNIQUE KEY `id_number` (`id_number`),
  KEY `applicant_id` (`applicant_id`),
  KEY `category_code` (`category_code`),
  KEY `benefit_code` (`benefit_code`),
  KEY `created_by` (`created_by`),
  CONSTRAINT `applications_ibfk_1` FOREIGN KEY (`applicant_id`) REFERENCES `applicants` (`id`) ON DELETE CASCADE,
  CONSTRAINT `applications_ibfk_2` FOREIGN KEY (`category_code`) REFERENCES `solo_parent_categories` (`code`)
) ENGINE=InnoDB AUTO_INCREMENT=58 DEFAULT CHARSET=utf8mb4 COLLATE=utf8mb4_unicode_ci;

-- Dumping data for table `applications`
INSERT INTO `applications` VALUES 
('46', '47', 'PSG-2026-00001', '22222', 'Approved', 'a4', 'A', '2026-02-19', '2026-02-19', '2027-02-19', NULL, '29', '2026-02-19 05:23:56', '2026-03-05 14:52:11', NULL),
('49', '50', 'PSG-2026-00002', 'PSG-SP-2026-00049', 'Approved', 'a5', 'B', '2026-02-20', '2026-02-20', '2027-02-20', 'panget', '1', '2026-02-20 02:39:16', '2026-02-20 02:56:39', NULL),
('50', '51', 'PSG-2026-00003', 'PSG-SP-2026-00051', 'Approved', 'a3', 'B', '2026-02-20', '2026-02-07', '2027-02-07', 'Encoded as Existing Record', '1', '2026-02-20 02:50:22', '2026-02-20 02:50:22', NULL),
('51', '52', 'PSG-2026-00004', NULL, 'Disapproved', NULL, NULL, '2026-02-20', NULL, NULL, 'sdadsa', '1', '2026-02-20 06:02:16', '2026-02-20 06:04:21', NULL),
('52', '53', 'PSG-2026-00005', 'PSG-SP-2026-00052', 'Approved', 'f', 'B', '2026-02-24', '2026-02-24', '2027-02-24', NULL, '30', '2026-02-24 16:38:56', '2026-02-24 16:44:57', NULL),
('53', '54', 'PSG-2026-00006', 'PSG-SP-2026-00053', 'Approved', 'a7', 'A', '2026-02-26', '2026-02-26', '2027-02-26', NULL, '1', '2026-02-26 01:35:34', '2026-02-26 01:37:17', NULL),
('54', '55', 'PSG-2026-00007', 'PSG-SP-2026-00054', 'Approved', 'b', 'A,B', '2026-03-03', '2026-03-03', '2027-03-03', NULL, '1', '2026-03-03 02:52:15', '2026-03-03 05:58:36', NULL),
('55', '56', 'PSG-2026-00008', '123448585', 'Approved', 'e', 'A,B', '2026-03-05', '2026-03-05', '2027-03-05', NULL, '36', '2026-03-05 08:23:30', '2026-03-05 14:48:49', NULL),
('56', '57', 'PSG-2026-00009', '15423', 'Approved', 'a2', 'B,A', '2026-03-05', '2026-01-28', '2027-01-28', 'Encoded as Existing Record', '1', '2026-03-05 08:29:35', '2026-03-05 08:29:35', NULL);

-- Table structure for table `benefit_qualifications`
DROP TABLE IF EXISTS `benefit_qualifications`;
CREATE TABLE `benefit_qualifications` (
  `code` char(1) NOT NULL,
  `description` text NOT NULL,
  PRIMARY KEY (`code`)
) ENGINE=InnoDB DEFAULT CHARSET=utf8mb4 COLLATE=utf8mb4_unicode_ci;

-- Dumping data for table `benefit_qualifications`
INSERT INTO `benefit_qualifications` VALUES 
('A', 'Subsidy, PhilHealth, Prioritization in housing'),
('B', '10% Discount and VAT Exemption on selected items');

-- Table structure for table `emergency_contacts`
DROP TABLE IF EXISTS `emergency_contacts`;
CREATE TABLE `emergency_contacts` (
  `id` int(11) NOT NULL AUTO_INCREMENT,
  `applicant_id` int(11) NOT NULL,
  `full_name` varchar(255) NOT NULL,
  `relationship` varchar(50) NOT NULL,
  `address` text DEFAULT NULL,
  `contact_number` varchar(20) DEFAULT NULL,
  `created_at` timestamp NOT NULL DEFAULT current_timestamp(),
  `updated_at` timestamp NOT NULL DEFAULT current_timestamp() ON UPDATE current_timestamp(),
  `deleted_at` timestamp NULL DEFAULT NULL,
  PRIMARY KEY (`id`),
  KEY `applicant_id` (`applicant_id`),
  CONSTRAINT `emergency_contacts_ibfk_1` FOREIGN KEY (`applicant_id`) REFERENCES `applicants` (`id`) ON DELETE CASCADE
) ENGINE=InnoDB AUTO_INCREMENT=48 DEFAULT CHARSET=utf8mb4 COLLATE=utf8mb4_unicode_ci;

-- Dumping data for table `emergency_contacts`
INSERT INTO `emergency_contacts` VALUES 
('34', '47', 'Gelo Calapao', 'Gay Bestfriend', 'Dayap, Calauan', '09383848374', '2026-02-19 05:23:56', '2026-02-19 05:23:56', NULL),
('37', '50', 'Gelo Redera', 'Brother In-law', 'Dayap, Calauan, Laguna', '09374647292', '2026-02-20 02:39:16', '2026-02-20 02:39:16', NULL),
('38', '51', 'Renz Redera', 'Mother', 'Duhat, Laguna', '09645172634', '2026-02-20 02:50:22', '2026-02-20 02:50:22', NULL),
('39', '52', 'sdfds', 'Mother', 'sdfsfds', '34343434343', '2026-02-20 06:02:16', '2026-02-20 06:02:16', NULL),
('40', '53', 'Jem Plata', 'Cousin', 'Bangkal, Laguna', '04894848484', '2026-02-24 16:38:56', '2026-02-24 16:38:56', NULL),
('41', '54', 'Rolan Redera', 'Step-Brother', 'Magdalena, Laguna', '09374647292', '2026-02-26 01:35:34', '2026-02-26 01:51:29', '2026-02-26 01:51:29'),
('42', '54', 'Rolan Redera', 'Step-Brother', 'Magdalena, Laguna', '09374647292', '2026-02-26 01:51:29', '2026-02-26 01:51:29', NULL),
('43', '55', 'Jencel Sofer', 'Nephew', 'Santa Cruz, Laguna', '09306942545', '2026-03-03 02:52:15', '2026-03-03 02:58:00', '2026-03-03 02:58:00'),
('44', '55', 'Jencel Sofer', 'Nephew', 'Santa Cruz, Laguna', '09306942545', '2026-03-03 02:58:00', '2026-03-03 06:12:27', '2026-03-03 06:12:27'),
('45', '55', 'Jencel Sofer', 'Nephew', 'Santa Cruz, Laguna', '09306942545', '2026-03-03 06:12:27', '2026-03-03 06:12:27', NULL),
('46', '56', 'Annie Calapao', 'Mother', 'Dayap,Calauan, Laguna', '09996871601', '2026-03-05 08:23:30', '2026-03-05 08:23:30', NULL),
('47', '57', 'Arnold Walker', 'Sister', 'Brgy. Poblacion Pagsanjan, Laguna', '02938172523', '2026-03-05 08:29:35', '2026-03-05 08:29:35', NULL);

-- Table structure for table `family_members`
DROP TABLE IF EXISTS `family_members`;
CREATE TABLE `family_members` (
  `id` int(11) NOT NULL AUTO_INCREMENT,
  `applicant_id` int(11) NOT NULL,
  `full_name` varchar(255) NOT NULL,
  `relationship` varchar(50) NOT NULL,
  `age` int(11) DEFAULT NULL,
  `dob` date DEFAULT NULL,
  `civil_status` varchar(50) DEFAULT NULL,
  `educational_attainment` varchar(100) DEFAULT NULL,
  `occupation` varchar(100) DEFAULT NULL,
  `monthly_income` decimal(10,2) DEFAULT NULL,
  `created_at` timestamp NOT NULL DEFAULT current_timestamp(),
  `updated_at` timestamp NOT NULL DEFAULT current_timestamp() ON UPDATE current_timestamp(),
  `deleted_at` timestamp NULL DEFAULT NULL,
  PRIMARY KEY (`id`),
  KEY `applicant_id` (`applicant_id`),
  CONSTRAINT `family_members_ibfk_1` FOREIGN KEY (`applicant_id`) REFERENCES `applicants` (`id`) ON DELETE CASCADE
) ENGINE=InnoDB AUTO_INCREMENT=81 DEFAULT CHARSET=utf8mb4 COLLATE=utf8mb4_unicode_ci;

-- Dumping data for table `family_members`
INSERT INTO `family_members` VALUES 
('56', '47', 'Gekloi Baho', 'Son', '10', '2015-06-16', NULL, NULL, 'N/A', '0.00', '2026-02-19 05:23:56', '2026-02-19 05:23:56', NULL),
('59', '50', 'Steph Curry', 'Son', '9', '2016-12-01', NULL, NULL, NULL, '0.00', '2026-02-20 02:39:16', '2026-02-20 02:39:16', NULL),
('60', '51', 'Dman Redera', 'Daugther', '7', '2018-11-21', NULL, NULL, NULL, '0.00', '2026-02-20 02:50:22', '2026-02-20 02:50:22', NULL),
('61', '52', 'effdfd', 'Son', '4', '2022-02-08', NULL, NULL, NULL, '0.00', '2026-02-20 06:02:16', '2026-02-20 06:02:16', NULL),
('62', '53', 'Jencel Sofer', 'Son', '10', '2015-07-09', NULL, NULL, NULL, '0.00', '2026-02-24 16:38:56', '2026-02-24 16:38:56', NULL),
('63', '54', 'Cel Pogi', 'Son', '14', '2012-01-31', NULL, NULL, NULL, '0.00', '2026-02-26 01:35:34', '2026-02-26 01:51:28', '2026-02-26 01:51:28'),
('64', '54', 'Gabo Redera', 'Daugther', '16', '2009-06-09', NULL, 'High School', NULL, '0.00', '2026-02-26 01:35:34', '2026-02-26 01:51:28', '2026-02-26 01:51:28'),
('65', '54', 'Rolan Redera', 'Son', '8', '2017-10-24', NULL, NULL, NULL, '0.00', '2026-02-26 01:35:34', '2026-02-26 01:51:28', '2026-02-26 01:51:28'),
('66', '54', 'Cel Pogi', 'Son', '14', '2012-01-31', NULL, NULL, NULL, '0.00', '2026-02-26 01:51:28', '2026-02-26 01:51:28', NULL),
('67', '54', 'Gabo Redera', 'Daugther', '16', '2009-06-09', NULL, 'High School', NULL, '0.00', '2026-02-26 01:51:28', '2026-02-26 01:51:28', NULL),
('68', '54', 'Rolan Redera', 'Son', '8', '2017-10-24', NULL, NULL, NULL, '0.00', '2026-02-26 01:51:28', '2026-02-26 01:51:28', NULL),
('69', '54', 'Kate Macasaet', 'Daughter', '7', '2018-10-16', NULL, NULL, NULL, '0.00', '2026-02-26 01:51:28', '2026-02-26 01:51:28', NULL),
('70', '54', 'Jencel Sofer', 'Son', '5', '2020-10-20', NULL, NULL, NULL, '0.00', '2026-02-26 01:51:29', '2026-02-26 01:51:29', NULL),
('71', '55', 'Andrew Marcos', 'Son', '12', '2013-07-25', NULL, NULL, NULL, '0.00', '2026-03-03 02:52:15', '2026-03-03 02:58:00', '2026-03-03 02:58:00'),
('72', '55', 'Allysa Marcos', 'Daughter', '7', '2018-07-11', NULL, NULL, NULL, '0.00', '2026-03-03 02:52:15', '2026-03-03 02:58:00', '2026-03-03 02:58:00'),
('73', '55', 'Andrew Marcos', 'Son', '12', '2013-07-25', NULL, NULL, NULL, '0.00', '2026-03-03 02:58:00', '2026-03-03 06:12:27', '2026-03-03 06:12:27'),
('74', '55', 'Allysa Marcos', 'Daughter', '7', '2018-07-11', NULL, NULL, NULL, '0.00', '2026-03-03 02:58:00', '2026-03-03 06:12:27', '2026-03-03 06:12:27'),
('75', '55', 'Andrew Marcos', 'Son', '12', '2013-07-25', NULL, NULL, NULL, '0.00', '2026-03-03 06:12:27', '2026-03-03 06:12:27', NULL),
('76', '55', 'Allysa Marcos', 'Daughter', '7', '2018-07-11', NULL, NULL, NULL, '0.00', '2026-03-03 06:12:27', '2026-03-03 06:12:27', NULL),
('77', '56', 'Reynaldo Calapao', 'Father', '0', NULL, NULL, NULL, NULL, '0.00', '2026-03-05 08:23:30', '2026-03-05 08:23:30', NULL),
('78', '56', 'Annie Calapao', 'Mother', '0', NULL, NULL, NULL, NULL, '0.00', '2026-03-05 08:23:30', '2026-03-05 08:23:30', NULL),
('79', '56', 'Christian Calapao', 'Brother', '0', NULL, NULL, NULL, NULL, '0.00', '2026-03-05 08:23:30', '2026-03-05 08:23:30', NULL),
('80', '57', 'Nancy Walker', 'Daugther', '9', '2016-07-11', NULL, NULL, 'Student', '0.00', '2026-03-05 08:29:35', '2026-03-05 08:29:35', NULL);

-- Table structure for table `migrations`
DROP TABLE IF EXISTS `migrations`;
CREATE TABLE `migrations` (
  `id` int(10) unsigned NOT NULL AUTO_INCREMENT,
  `migration` varchar(255) NOT NULL,
  `batch` int(11) NOT NULL,
  PRIMARY KEY (`id`)
) ENGINE=InnoDB AUTO_INCREMENT=27 DEFAULT CHARSET=utf8mb4 COLLATE=utf8mb4_unicode_ci;

-- Dumping data for table `migrations`
INSERT INTO `migrations` VALUES 
('1', '2024_01_01_000001_create_users_table', '1'),
('2', '2024_01_01_000002_create_applicants_table', '1'),
('3', '2024_01_01_000003_create_applications_table', '1'),
('4', '2024_01_01_000004_create_family_members_table', '1'),
('5', '2024_01_01_000005_create_emergency_contacts_table', '1'),
('6', '2024_01_01_000006_create_application_status_logs_table', '1'),
('7', '2026_02_04_000001_add_updated_at_to_users_table', '2'),
('8', '2019_12_14_000001_create_personal_access_tokens_table', '3'),
('10', '2026_02_04_082233_add_expiration_date_to_applications_table', '4'),
('11', '2026_02_05_043845_create_application_documents_table', '5'),
('13', '2026_02_12_123538_add_avatar_to_users_table', '7'),
('14', '2026_02_16_051719_add_status_to_users_table', '8'),
('15', '2026_02_11_042248_create_system_logs_table', '9'),
('16', '2026_02_18_025712_add_status_to_application_documents_table', '10'),
('17', '2026_02_18_061020_add_user_type_to_system_logs_table', '11'),
('18', '2026_02_18_061109_add_user_agent_to_system_logs_table', '12'),
('19', '2026_02_18_000002_create_admin_staff_table', '13'),
('20', '2026_02_18_000001_create_admin_staff_table', '14'),
('21', '2026_02_18_000003_migrate_users_and_rename', '15'),
('22', '2026_02_18_075049_drop_changed_by_foreign_key_from_application_status_logs_table', '16'),
('23', '2026_02_20_023645_drop_created_by_foreign_key_from_applications_table', '17'),
('24', '2026_03_03_053754_modify_benefit_code_column_in_applications_table', '18'),
('25', '2026_03_05_000001_modify_role_in_admin_staff_table', '19'),
('26', '2026_03_09_071356_add_housing_info_to_applicants_table', '20');

-- Table structure for table `personal_access_tokens`
DROP TABLE IF EXISTS `personal_access_tokens`;
CREATE TABLE `personal_access_tokens` (
  `id` bigint(20) unsigned NOT NULL AUTO_INCREMENT,
  `tokenable_type` varchar(255) NOT NULL,
  `tokenable_id` bigint(20) unsigned NOT NULL,
  `name` text NOT NULL,
  `token` varchar(64) NOT NULL,
  `abilities` text DEFAULT NULL,
  `last_used_at` timestamp NULL DEFAULT NULL,
  `expires_at` timestamp NULL DEFAULT NULL,
  `created_at` timestamp NULL DEFAULT NULL,
  `updated_at` timestamp NULL DEFAULT NULL,
  PRIMARY KEY (`id`),
  UNIQUE KEY `personal_access_tokens_token_unique` (`token`),
  KEY `personal_access_tokens_tokenable_type_tokenable_id_index` (`tokenable_type`,`tokenable_id`),
  KEY `personal_access_tokens_expires_at_index` (`expires_at`)
) ENGINE=InnoDB AUTO_INCREMENT=195 DEFAULT CHARSET=utf8mb4 COLLATE=utf8mb4_unicode_ci;

-- Dumping data for table `personal_access_tokens`
INSERT INTO `personal_access_tokens` VALUES 
('62', 'App\\Models\\User', '1', 'auth_token', 'e17446cc3698611538dab2a91380cd685feff657681f0b92f92492b6a0676ad4', '[\"*\"]', NULL, NULL, '2026-02-18 05:28:56', '2026-02-18 05:28:56'),
('63', 'App\\Models\\User', '1', 'auth_token', '7c4fc0d2849ce2dc53fa0ea329e4d350be24407ae51a205146bfc9dda10edbd6', '[\"*\"]', NULL, NULL, '2026-02-18 05:30:14', '2026-02-18 05:30:14'),
('64', 'App\\Models\\User', '1', 'auth_token', 'e26ba32231788da4ca56b5ba0f888405189ba36eb897ad461e5bf24143f91590', '[\"*\"]', NULL, NULL, '2026-02-18 05:32:13', '2026-02-18 05:32:13'),
('66', 'App\\Models\\User', '1', 'auth_token', '6143ff487c5b45b177ba75b4f325ce23eaf9f9db2f236e173d3e2e22c0315954', '[\"*\"]', NULL, NULL, '2026-02-18 05:37:39', '2026-02-18 05:37:39'),
('71', 'App\\Models\\AdminStaff', '1', 'auth_token', '49a6b87a85e3d5c29ebf0df3d4ada0c0d54253b7976b112753668b681431f8c6', '[\"*\"]', '2026-02-18 06:54:19', NULL, '2026-02-18 06:54:19', '2026-02-18 06:54:19'),
('72', 'App\\Models\\User', '22', 'auth_token', 'dcc6fe99e3ba77520eaa8081348f09588afbc270f1b5a3ff37230869aac84620', '[\"*\"]', NULL, NULL, '2026-02-18 06:54:37', '2026-02-18 06:54:37'),
('73', 'App\\Models\\User', '23', 'auth_token', 'bc83c147a67471864b713cade08e6aaf4c827b3e489b2e62f64c9d52db4cc8b8', '[\"*\"]', NULL, NULL, '2026-02-18 07:03:01', '2026-02-18 07:03:01'),
('74', 'App\\Models\\User', '23', 'auth_token', 'aada273de8a64237e98e4b5087a810317c3d403f276f4e0e7253a27c859d1ba5', '[\"*\"]', NULL, NULL, '2026-02-18 07:03:02', '2026-02-18 07:03:02'),
('75', 'App\\Models\\User', '24', 'auth_token', '6dd71f3a3d952aa3a46df82b102dd7ce48626ed46c2899b2be7427bca1bf1e8d', '[\"*\"]', NULL, NULL, '2026-02-18 07:09:13', '2026-02-18 07:09:13'),
('76', 'App\\Models\\User', '25', 'auth_token', '12b5312a03416ccbe485b768d62e4385518a5fc61ef3257672d4330b42dd8a73', '[\"*\"]', NULL, NULL, '2026-02-18 07:10:37', '2026-02-18 07:10:37'),
('81', 'App\\Models\\User', '27', 'test-token', '52150e600a6c304c42115cbe4d96c9d8b2b5fb6e8210529b117d80415af22605', '[\"*\"]', '2026-02-18 07:33:39', NULL, '2026-02-18 07:33:39', '2026-02-18 07:33:39'),
('82', 'App\\Models\\User', '28', 'auth_token', 'bf85ea7a3da110e3fe226067fa7abb52b36f0fa6a68deb6fe30668094a5811b4', '[\"*\"]', '2026-02-18 07:41:48', NULL, '2026-02-18 07:41:47', '2026-02-18 07:41:48'),
('85', 'App\\Models\\User', '29', 'auth_token', '3bde537d91ad0aede215fa36850571da58dd61342efacc16930a69e57cb58323', '[\"*\"]', NULL, NULL, '2026-02-19 05:18:52', '2026-02-19 05:18:52'),
('107', 'App\\Models\\User', '30', 'auth_token', '247da4e0c1a2591da6758763448f563cea409799deabd81e664ef34d74745f5a', '[\"*\"]', NULL, NULL, '2026-02-24 16:24:51', '2026-02-24 16:24:51'),
('129', 'App\\Models\\AdminStaff', '1', 'auth_token', '8a81404e6f0395defbbd1e4669a44284fe54b7e23e86cdb821a6453f6e87f7c2', '[\"*\"]', '2026-02-26 08:34:18', NULL, '2026-02-26 08:32:36', '2026-02-26 08:34:18'),
('136', 'App\\Models\\AdminStaff', '1', 'auth_token', '29f786afc243e3dc4dfe7ccaddaf779b6710336b923d9369eecb7b2fb76a4197', '[\"*\"]', NULL, NULL, '2026-03-03 01:28:18', '2026-03-03 01:28:18'),
('137', 'App\\Models\\AdminStaff', '1', 'auth_token', '79af02f24ae27e925c7edaf3fb6707f0786155b725dac9a4d8f99cd0962e888d', '[\"*\"]', '2026-03-03 02:58:00', NULL, '2026-03-03 01:28:45', '2026-03-03 02:58:00'),
('140', 'App\\Models\\AdminStaff', '1', 'auth_token', 'ac5f3bd620a5709df9db35d5d35af7edcac8df4abca29f367e12f5c5c022dcbb', '[\"*\"]', NULL, NULL, '2026-03-03 06:57:17', '2026-03-03 06:57:17'),
('142', 'App\\Models\\User', '32', 'auth_token', '56b3d3425a7436eaa4310814b4e5177b8be946b3e47df41b9cf3e7e79d4f7dfa', '[\"*\"]', NULL, NULL, '2026-03-04 02:15:07', '2026-03-04 02:15:07'),
('144', 'App\\Models\\AdminStaff', '1', 'auth_token', 'e1f82b7d7357e36521f8eec4128eb8207fa0b93cc88306aa38e8ce3fdc63fc55', '[\"*\"]', NULL, NULL, '2026-03-04 02:36:20', '2026-03-04 02:36:20'),
('146', 'App\\Models\\AdminStaff', '8', 'auth_token', 'ab1778e09b6bd7efe9f8e5d5bc82c67db38efeed522b6f36f1a0cc834ed1297b', '[\"*\"]', NULL, NULL, '2026-03-04 06:31:20', '2026-03-04 06:31:20'),
('147', 'App\\Models\\User', '33', 'auth_token', 'bcb266f31d4cc0e9a6107ca17b864728a575a6671d654b5c347d319c893d94d7', '[\"*\"]', NULL, NULL, '2026-03-04 06:31:21', '2026-03-04 06:31:21'),
('150', 'App\\Models\\User', '34', 'auth_token', 'e09b60c69f6066598393c4eef07cfb5a921b4e6b7c0ff9026ea4b1a1b783e89c', '[\"*\"]', NULL, NULL, '2026-03-04 06:38:05', '2026-03-04 06:38:05'),
('151', 'App\\Models\\User', '34', 'auth_token', '16ab85a1da76eee30673cef0771e32348602c6c01af0edbbf09f221c661fcfa7', '[\"*\"]', '2026-03-04 06:55:55', NULL, '2026-03-04 06:38:13', '2026-03-04 06:55:55'),
('154', 'App\\Models\\AdminStaff', '1', 'auth_token', 'c437bb0a646e423d8b6c7b6defe7a03cf74f0e9129c07442ff3ea1cf2ca64da2', '[\"*\"]', '2026-03-04 08:38:12', NULL, '2026-03-04 07:45:49', '2026-03-04 08:38:12'),
('161', 'App\\Models\\User', '35', 'auth_token', '503f16287b19640c3ad25e7ba8365d798a10a2f1bba781448fac64c16d71c85c', '[\"*\"]', NULL, NULL, '2026-03-05 06:50:54', '2026-03-05 06:50:54'),
('163', 'App\\Models\\AdminStaff', '1', 'auth_token', '9e971b52c43a4b18016ac9c7994a3a2f79a16b82b485a41fe2ab63d817f8928a', '[\"*\"]', NULL, NULL, '2026-03-05 06:53:31', '2026-03-05 06:53:31'),
('164', 'App\\Models\\User', '33', 'auth_token', '00195b1b70aa35329ad3fb45b006943eaa65fa8cf6b133898e689a44e2c3545d', '[\"*\"]', NULL, NULL, '2026-03-05 07:26:53', '2026-03-05 07:26:53'),
('165', 'App\\Models\\AdminStaff', '1', 'auth_token', '70d2e7ca7e44cd8b293805f977ebb933df0648f05f6b8057bdc76ce8151ea17d', '[\"*\"]', NULL, NULL, '2026-03-05 07:27:15', '2026-03-05 07:27:15'),
('166', 'App\\Models\\AdminStaff', '1', 'auth_token', '7213c029a54d003d41afec06b82b3832d574eb6b87543f3e5320546d4f2247fb', '[\"*\"]', NULL, NULL, '2026-03-05 08:12:22', '2026-03-05 08:12:22'),
('167', 'App\\Models\\User', '33', 'auth_token', '6470a7b4daf9d728c01a405f41663050f4ae8e5f30ec091abc0cebc628f03ffc', '[\"*\"]', NULL, NULL, '2026-03-05 08:12:23', '2026-03-05 08:12:23'),
('170', 'App\\Models\\User', '36', 'auth_token', 'ce03faf0a1b1cb2cccf66baf2bd80672d20335687afd2fc8b9137816813caa53', '[\"*\"]', NULL, NULL, '2026-03-05 08:18:32', '2026-03-05 08:18:32'),
('171', 'App\\Models\\User', '36', 'auth_token', 'd2667fb2149dbf5988e87e52894bb0e7007ec5252c445c3baf01313f7ba2f6f6', '[\"*\"]', '2026-03-05 08:23:35', NULL, '2026-03-05 08:18:45', '2026-03-05 08:23:35'),
('174', 'App\\Models\\AdminStaff', '1', 'auth_token', 'd67d7bfe57884142eda8ad47fa56ec1e1327145fa345b895630afc390fad3655', '[\"*\"]', NULL, NULL, '2026-03-05 12:37:18', '2026-03-05 12:37:18'),
('178', 'App\\Models\\AdminStaff', '9', 'auth_token', '6f07243d89fcd915f3e395d26f08d8fc5b48747eb7fc98a486950be822b215d5', '[\"*\"]', NULL, NULL, '2026-03-05 14:19:29', '2026-03-05 14:19:29'),
('179', 'App\\Models\\AdminStaff', '9', 'auth_token', '91cf8ca089d1a569e28ada256709075b6da94e94437c0318efca88a66afe35a6', '[\"*\"]', NULL, NULL, '2026-03-05 14:20:05', '2026-03-05 14:20:05'),
('185', 'App\\Models\\AdminStaff', '9', 'auth_token', '0e51f4eadd54708d05190a167a6578b742a5e0388544747b3195b966afa46501', '[\"*\"]', NULL, NULL, '2026-03-05 15:31:23', '2026-03-05 15:31:23'),
('192', 'App\\Models\\AdminStaff', '1', 'auth_token', '0b9c149de2ff1884c33495cc33059aa6e41c8fcde97abb30dcbff28fdda80c69', '[\"*\"]', NULL, NULL, '2026-03-09 05:27:36', '2026-03-09 05:27:36'),
('194', 'App\\Models\\AdminStaff', '1', 'auth_token', '840b31c01911383e926c6fdfb27a85a19e5a94ecb658825f12b439dad2df1f9c', '[\"*\"]', '2026-03-10 00:46:08', NULL, '2026-03-10 00:45:56', '2026-03-10 00:46:08');

-- Table structure for table `solo_parent_categories`
DROP TABLE IF EXISTS `solo_parent_categories`;
CREATE TABLE `solo_parent_categories` (
  `code` varchar(5) NOT NULL,
  `description` text NOT NULL,
  PRIMARY KEY (`code`)
) ENGINE=InnoDB DEFAULT CHARSET=utf8mb4 COLLATE=utf8mb4_unicode_ci;

-- Dumping data for table `solo_parent_categories`
INSERT INTO `solo_parent_categories` VALUES 
('a1', 'Birth of a Child as a consequence of rape'),
('a2', 'Widow/widower'),
('a3', 'Spouse of person deprived of liberty (PDL)'),
('a4', 'Spouse of person with disability (PWD)'),
('a5', 'Due to de facto separation'),
('a6', 'Due to nullity of marriage'),
('a7', 'Abandoned'),
('b', 'Spouse of the OFW / Relative of the OFW'),
('c', 'Unmarried mother/father who keeps and rears his/her child'),
('d', 'Legal guardian, adoptive or foster parent'),
('e', 'Any relative within the fourth (4th) degree of consanguinity or affinity'),
('f', 'Pregnant woman who provides sole parental care and support');

-- Table structure for table `soloparent_accounts`
DROP TABLE IF EXISTS `soloparent_accounts`;
CREATE TABLE `soloparent_accounts` (
  `id` int(11) NOT NULL AUTO_INCREMENT,
  `username` varchar(50) NOT NULL,
  `email` varchar(100) NOT NULL,
  `password` varchar(255) NOT NULL,
  `full_name` varchar(100) NOT NULL,
  `avatar` varchar(255) DEFAULT NULL,
  `role` enum('admin','staff','user') NOT NULL DEFAULT 'user',
  `status` varchar(255) NOT NULL DEFAULT 'active',
  `last_login` datetime DEFAULT NULL,
  `created_at` timestamp NOT NULL DEFAULT current_timestamp(),
  `updated_at` timestamp NOT NULL DEFAULT current_timestamp() ON UPDATE current_timestamp(),
  `deleted_at` timestamp NULL DEFAULT NULL,
  PRIMARY KEY (`id`),
  UNIQUE KEY `username` (`username`),
  UNIQUE KEY `email` (`email`)
) ENGINE=InnoDB AUTO_INCREMENT=37 DEFAULT CHARSET=utf8mb4 COLLATE=utf8mb4_unicode_ci;

-- Dumping data for table `soloparent_accounts`
INSERT INTO `soloparent_accounts` VALUES 
('29', 'renz@gmail.com', 'renz@gmail.com', '$2y$12$rcgCxQd2vj9V/NVB40F4COHSbBlNB2Llo8OHeTf5w6x6m5ZTS36Qm', 'Renz Calapaoo', NULL, 'user', 'active', '2026-02-20 06:30:12', '2026-02-19 05:18:52', '2026-02-20 06:30:12', NULL),
('30', 'faith@gmail.com', 'faith@gmail.com', '$2y$12$Z5XOr5LQSXVq9Xx6lCCTDunmfgxiIPBoN2MO6PXtR7nLlcUTQaPi6', 'Faith Plata', NULL, 'user', 'active', '2026-03-05 14:38:58', '2026-02-24 16:24:51', '2026-03-05 14:38:58', NULL),
('31', 'user', 'user@example.com', '$2y$12$.yqeVuJwnzcK2kJyCyJgM.ZZcdXlhD72tnGGu6qHGguKOjirX.w3.', 'Sample User', NULL, 'user', 'active', NULL, '2026-03-02 04:20:02', '2026-03-02 04:20:02', NULL),
('32', 'lebron@gmail.com', 'lebron@gmail.com', '$2y$12$66sloFA6Sbvf4M7uI0/FvuhLuC.udY4tHrrtpH.mKCgqlREDhb8Iq', 'Lebron James', NULL, 'user', 'active', '2026-03-04 02:15:20', '2026-03-04 02:15:07', '2026-03-04 02:15:20', NULL),
('33', 'testuser', 'testuser@example.com', '$2y$12$9iOSzxeX4d8z3UQ5rSaSw.xwJlsVbhkVE8/fkX4NgzQs5pNK7FIz.', 'Test User', NULL, 'user', 'active', '2026-03-05 08:12:23', '2026-03-04 06:31:00', '2026-03-05 08:12:23', NULL),
('34', 'renzbaho@gmail.com', 'renzbaho@gmail.com', '$2y$12$e2Jr3rDWECyYqwVN2T7lZ.Su0rehiUhX3gRcM4xzGt1S0gu9O59yy', 'Renz Baho', NULL, 'user', 'active', '2026-03-04 07:41:42', '2026-03-04 06:38:05', '2026-03-04 07:41:42', NULL),
('35', 'renzz@gmail.com', 'renzz@gmail.com', '$2y$12$D0G8T0IE1jbOO6Sal5etO.mWK1/3ex3guBkxsQuAEr/DlQVuiHyWe', 'Renz Redera', NULL, 'user', 'active', '2026-03-05 06:51:11', '2026-03-05 06:50:54', '2026-03-05 06:51:11', NULL),
('36', 'renzcalapao12@gmail.com', 'renzcalapao12@gmail.com', '$2y$12$c.GZKhNJitLg8Kcg.1AwDe4qbQWRGsoK59.EWqAApzRUBtpxM0Gd6', 'Jan Reinnen Calapao', NULL, 'user', 'active', '2026-03-05 08:18:45', '2026-03-05 08:18:32', '2026-03-05 08:18:45', NULL);

-- Table structure for table `system_logs`
DROP TABLE IF EXISTS `system_logs`;
CREATE TABLE `system_logs` (
  `id` bigint(20) unsigned NOT NULL AUTO_INCREMENT,
  `user_id` bigint(20) unsigned DEFAULT NULL,
  `user_type` varchar(255) DEFAULT NULL,
  `action` varchar(255) NOT NULL,
  `description` text DEFAULT NULL,
  `ip_address` varchar(255) DEFAULT NULL,
  `user_agent` text DEFAULT NULL,
  `created_at` timestamp NULL DEFAULT NULL,
  `updated_at` timestamp NULL DEFAULT NULL,
  PRIMARY KEY (`id`)
) ENGINE=InnoDB AUTO_INCREMENT=396 DEFAULT CHARSET=utf8mb4 COLLATE=utf8mb4_unicode_ci;

-- Dumping data for table `system_logs`
INSERT INTO `system_logs` VALUES 
('226', '1', 'admin_staff', 'admin_login', 'Admin/Staff login successful', '127.0.0.1', 'Mozilla/5.0 (Windows NT 10.0; Win64; x64) AppleWebKit/537.36 (KHTML, like Gecko) Chrome/145.0.0.0 Safari/537.36', '2026-02-24 16:24:09', '2026-02-24 16:24:09'),
('227', '1', NULL, 'User Logged Out', 'User admin logged out.', '127.0.0.1', NULL, '2026-02-24 16:24:22', '2026-02-24 16:24:22'),
('228', '30', NULL, 'User Registered', 'User faith@gmail.com registered successfully.', '127.0.0.1', NULL, '2026-02-24 16:24:51', '2026-02-24 16:24:51'),
('229', '30', NULL, 'User Logged In', 'User faith@gmail.com logged in.', '127.0.0.1', NULL, '2026-02-24 16:25:02', '2026-02-24 16:25:02'),
('230', '30', NULL, 'User Logged Out', 'User faith@gmail.com logged out.', '127.0.0.1', NULL, '2026-02-24 16:25:24', '2026-02-24 16:25:24'),
('231', '1', 'admin_staff', 'admin_login', 'Admin/Staff login successful', '127.0.0.1', 'Mozilla/5.0 (Windows NT 10.0; Win64; x64) AppleWebKit/537.36 (KHTML, like Gecko) Chrome/145.0.0.0 Safari/537.36', '2026-02-24 16:25:32', '2026-02-24 16:25:32'),
('232', '1', 'user', 'User Logged Out', 'User admin logged out.', '127.0.0.1', NULL, '2026-02-24 16:34:02', '2026-02-24 16:34:02'),
('233', '30', 'user', 'User Logged In', 'User faith@gmail.com logged in.', '127.0.0.1', NULL, '2026-02-24 16:34:11', '2026-02-24 16:34:11'),
('234', '30', 'user', 'User Logged Out', 'User faith@gmail.com logged out.', '127.0.0.1', NULL, '2026-02-24 16:34:18', '2026-02-24 16:34:18'),
('235', '1', 'admin_staff', 'admin_login', 'Admin/Staff login successful', '127.0.0.1', 'Mozilla/5.0 (Windows NT 10.0; Win64; x64) AppleWebKit/537.36 (KHTML, like Gecko) Chrome/145.0.0.0 Safari/537.36', '2026-02-24 16:34:25', '2026-02-24 16:34:25'),
('236', '1', 'user', 'User Logged Out', 'User admin logged out.', '127.0.0.1', NULL, '2026-02-24 16:34:33', '2026-02-24 16:34:33'),
('237', '30', 'user', 'User Logged In', 'User faith@gmail.com logged in.', '127.0.0.1', NULL, '2026-02-24 16:34:43', '2026-02-24 16:34:43'),
('238', '30', 'user', 'Application Created', 'Registered new applicant: Faith Plata', '127.0.0.1', NULL, '2026-02-24 16:38:56', '2026-02-24 16:38:56'),
('239', '30', 'user', 'User Logged Out', 'User faith@gmail.com logged out.', '127.0.0.1', NULL, '2026-02-24 16:39:05', '2026-02-24 16:39:05'),
('240', '1', 'admin_staff', 'admin_login', 'Admin/Staff login successful', '127.0.0.1', 'Mozilla/5.0 (Windows NT 10.0; Win64; x64) AppleWebKit/537.36 (KHTML, like Gecko) Chrome/145.0.0.0 Safari/537.36', '2026-02-24 16:39:12', '2026-02-24 16:39:12'),
('241', '1', 'user', 'User Logged Out', 'User admin logged out.', '127.0.0.1', NULL, '2026-02-24 16:41:56', '2026-02-24 16:41:56'),
('242', '30', 'user', 'User Logged In', 'User faith@gmail.com logged in.', '127.0.0.1', NULL, '2026-02-24 16:42:03', '2026-02-24 16:42:03'),
('243', '30', 'user', 'User Logged Out', 'User faith@gmail.com logged out.', '127.0.0.1', NULL, '2026-02-24 16:42:11', '2026-02-24 16:42:11'),
('244', '1', 'admin_staff', 'admin_login', 'Admin/Staff login successful', '127.0.0.1', 'Mozilla/5.0 (Windows NT 10.0; Win64; x64) AppleWebKit/537.36 (KHTML, like Gecko) Chrome/145.0.0.0 Safari/537.36', '2026-02-24 16:42:22', '2026-02-24 16:42:22'),
('245', '1', 'admin_staff', 'Application Approved', 'Approved request for Faith Plata', '127.0.0.1', NULL, '2026-02-24 16:44:57', '2026-02-24 16:44:57'),
('246', '1', 'user', 'User Logged Out', 'User admin logged out.', '127.0.0.1', NULL, '2026-02-24 16:45:54', '2026-02-24 16:45:54'),
('247', '30', 'user', 'User Logged In', 'User faith@gmail.com logged in.', '127.0.0.1', NULL, '2026-02-24 16:46:03', '2026-02-24 16:46:03'),
('248', '30', 'user', 'User Logged Out', 'User faith@gmail.com logged out.', '127.0.0.1', NULL, '2026-02-24 16:46:38', '2026-02-24 16:46:38'),
('249', '1', 'admin_staff', 'admin_login', 'Admin/Staff login successful', '127.0.0.1', 'Mozilla/5.0 (Windows NT 10.0; Win64; x64) AppleWebKit/537.36 (KHTML, like Gecko) Chrome/145.0.0.0 Safari/537.36', '2026-02-26 01:29:52', '2026-02-26 01:29:52'),
('250', '1', 'admin_staff', 'Application Created', 'Registered new applicant: Dman Redera', '127.0.0.1', NULL, '2026-02-26 01:35:34', '2026-02-26 01:35:34'),
('251', '1', 'admin_staff', 'Application Approved', 'Approved request for Dman Redera', '127.0.0.1', NULL, '2026-02-26 01:37:17', '2026-02-26 01:37:17'),
('252', '1', 'admin_staff', 'Application Updated', 'Updated application for: Dman Redera', '127.0.0.1', NULL, '2026-02-26 01:51:29', '2026-02-26 01:51:29'),
('253', '1', 'user', 'User Logged Out', 'User admin logged out.', '127.0.0.1', NULL, '2026-02-26 02:23:59', '2026-02-26 02:23:59'),
('254', '30', 'user', 'User Logged In', 'User faith@gmail.com logged in.', '127.0.0.1', NULL, '2026-02-26 02:24:15', '2026-02-26 02:24:15'),
('255', '30', 'user', 'User Logged Out', 'User faith@gmail.com logged out.', '127.0.0.1', NULL, '2026-02-26 02:37:07', '2026-02-26 02:37:07'),
('256', '1', 'admin_staff', 'admin_login', 'Admin/Staff login successful', '127.0.0.1', 'Mozilla/5.0 (Windows NT 10.0; Win64; x64) AppleWebKit/537.36 (KHTML, like Gecko) Chrome/145.0.0.0 Safari/537.36', '2026-02-26 02:37:15', '2026-02-26 02:37:15'),
('257', '1', 'user', 'User Logged Out', 'User admin logged out.', '127.0.0.1', NULL, '2026-02-26 02:38:19', '2026-02-26 02:38:19'),
('258', '30', 'user', 'User Logged In', 'User faith@gmail.com logged in.', '127.0.0.1', NULL, '2026-02-26 02:38:36', '2026-02-26 02:38:36'),
('259', '30', 'user', 'User Logged Out', 'User faith@gmail.com logged out.', '127.0.0.1', NULL, '2026-02-26 02:38:48', '2026-02-26 02:38:48'),
('260', '30', 'user', 'User Logged In', 'User faith@gmail.com logged in.', '127.0.0.1', NULL, '2026-02-26 02:40:36', '2026-02-26 02:40:36'),
('261', '30', 'user', 'User Logged Out', 'User faith@gmail.com logged out.', '127.0.0.1', NULL, '2026-02-26 02:51:57', '2026-02-26 02:51:57'),
('262', '1', 'admin_staff', 'admin_login', 'Admin/Staff login successful', '127.0.0.1', 'Mozilla/5.0 (Windows NT 10.0; Win64; x64) AppleWebKit/537.36 (KHTML, like Gecko) Chrome/145.0.0.0 Safari/537.36', '2026-02-26 02:57:33', '2026-02-26 02:57:33'),
('263', '1', 'user', 'User Logged Out', 'User admin logged out.', '127.0.0.1', NULL, '2026-02-26 06:29:43', '2026-02-26 06:29:43'),
('264', '1', 'admin_staff', 'admin_login', 'Admin/Staff login successful', '127.0.0.1', 'Mozilla/5.0 (Windows NT 10.0; Win64; x64) AppleWebKit/537.36 (KHTML, like Gecko) Chrome/145.0.0.0 Safari/537.36', '2026-02-26 06:30:03', '2026-02-26 06:30:03'),
('265', '1', 'admin_staff', 'User Created', 'Created new staff: dexter', '127.0.0.1', 'Mozilla/5.0 (Windows NT 10.0; Win64; x64) AppleWebKit/537.36 (KHTML, like Gecko) Chrome/145.0.0.0 Safari/537.36', '2026-02-26 06:35:09', '2026-02-26 06:35:09'),
('266', '1', 'user', 'User Logged Out', 'User admin logged out.', '127.0.0.1', NULL, '2026-02-26 06:35:28', '2026-02-26 06:35:28'),
('267', '7', 'admin_staff', 'admin_login', 'Admin/Staff login successful', '127.0.0.1', 'Mozilla/5.0 (Windows NT 10.0; Win64; x64) AppleWebKit/537.36 (KHTML, like Gecko) Chrome/145.0.0.0 Safari/537.36', '2026-02-26 06:35:36', '2026-02-26 06:35:36'),
('268', '7', 'user', 'User Logged Out', 'User dexter logged out.', '127.0.0.1', NULL, '2026-02-26 06:53:55', '2026-02-26 06:53:55'),
('269', '1', 'admin_staff', 'admin_login', 'Admin/Staff login successful', '127.0.0.1', 'Mozilla/5.0 (Windows NT 10.0; Win64; x64) AppleWebKit/537.36 (KHTML, like Gecko) Chrome/145.0.0.0 Safari/537.36', '2026-02-26 06:54:06', '2026-02-26 06:54:06'),
('270', '1', 'user', 'User Logged Out', 'User admin logged out.', '127.0.0.1', NULL, '2026-02-26 07:21:56', '2026-02-26 07:21:56'),
('271', '1', 'admin_staff', 'admin_login', 'Admin/Staff login successful', '127.0.0.1', 'Mozilla/5.0 (Windows NT 10.0; Win64; x64) AppleWebKit/537.36 (KHTML, like Gecko) Chrome/145.0.0.0 Safari/537.36', '2026-02-26 07:46:49', '2026-02-26 07:46:49'),
('272', '1', 'user', 'User Logged Out', 'User admin logged out.', '127.0.0.1', NULL, '2026-02-26 07:46:57', '2026-02-26 07:46:57'),
('273', '1', 'admin_staff', 'admin_login', 'Admin/Staff login successful', '127.0.0.1', 'Mozilla/5.0 (Windows NT 10.0; Win64; x64) AppleWebKit/537.36 (KHTML, like Gecko) Chrome/145.0.0.0 Safari/537.36', '2026-02-26 07:47:18', '2026-02-26 07:47:18'),
('274', '1', 'user', 'User Logged Out', 'User admin logged out.', '127.0.0.1', NULL, '2026-02-26 07:48:13', '2026-02-26 07:48:13'),
('275', '1', 'admin_staff', 'admin_login', 'Admin/Staff login successful', '127.0.0.1', 'Mozilla/5.0 (Windows NT 10.0; Win64; x64) AppleWebKit/537.36 (KHTML, like Gecko) Chrome/145.0.0.0 Safari/537.36', '2026-02-26 07:53:08', '2026-02-26 07:53:08'),
('276', '1', 'user', 'User Logged Out', 'User admin logged out.', '127.0.0.1', NULL, '2026-02-26 08:31:22', '2026-02-26 08:31:22'),
('277', '1', 'admin_staff', 'admin_login', 'Admin/Staff login successful', '127.0.0.1', 'Mozilla/5.0 (Windows NT 10.0; Win64; x64) AppleWebKit/537.36 (KHTML, like Gecko) Chrome/145.0.0.0 Safari/537.36', '2026-02-26 08:32:36', '2026-02-26 08:32:36'),
('278', '1', 'admin_staff', 'admin_login', 'Admin/Staff login successful', '127.0.0.1', 'Mozilla/5.0 (Windows NT 10.0; Win64; x64) AppleWebKit/537.36 (KHTML, like Gecko) Chrome/145.0.0.0 Safari/537.36', '2026-03-02 06:28:47', '2026-03-02 06:28:47'),
('279', '1', 'user', 'User Logged Out', 'User admin logged out.', '127.0.0.1', NULL, '2026-03-02 06:29:08', '2026-03-02 06:29:08'),
('280', '7', 'admin_staff', 'admin_login', 'Admin/Staff login successful', '127.0.0.1', 'Mozilla/5.0 (Windows NT 10.0; Win64; x64) AppleWebKit/537.36 (KHTML, like Gecko) Chrome/145.0.0.0 Safari/537.36', '2026-03-02 06:29:29', '2026-03-02 06:29:29'),
('281', '7', 'user', 'User Logged Out', 'User dexter logged out.', '127.0.0.1', NULL, '2026-03-02 06:32:23', '2026-03-02 06:32:23'),
('282', '30', 'user', 'User Logged In', 'User faith@gmail.com logged in.', '127.0.0.1', NULL, '2026-03-02 06:33:01', '2026-03-02 06:33:01'),
('283', '30', 'user', 'User Logged Out', 'User faith@gmail.com logged out.', '127.0.0.1', NULL, '2026-03-02 06:33:43', '2026-03-02 06:33:43'),
('284', '1', 'admin_staff', 'admin_login', 'Admin/Staff login successful', '127.0.0.1', 'Mozilla/5.0 (Windows NT 10.0; Win64; x64) AppleWebKit/537.36 (KHTML, like Gecko) Chrome/145.0.0.0 Safari/537.36', '2026-03-02 06:33:57', '2026-03-02 06:33:57'),
('285', '1', 'admin_staff', 'admin_login', 'Admin/Staff login successful', '127.0.0.1', 'Mozilla/5.0 (Windows NT 10.0; Win64; x64) AppleWebKit/537.36 (KHTML, like Gecko) Chrome/145.0.0.0 Safari/537.36', '2026-03-03 01:17:25', '2026-03-03 01:17:25'),
('286', '1', 'user', 'User Logged Out', 'User admin logged out.', '127.0.0.1', NULL, '2026-03-03 01:18:47', '2026-03-03 01:18:47'),
('287', '30', 'user', 'User Logged In', 'User faith@gmail.com logged in.', '127.0.0.1', NULL, '2026-03-03 01:25:39', '2026-03-03 01:25:39'),
('288', '30', 'user', 'User Logged Out', 'User faith@gmail.com logged out.', '127.0.0.1', NULL, '2026-03-03 01:26:33', '2026-03-03 01:26:33'),
('289', '1', 'admin_staff', 'admin_login', 'Admin/Staff login successful', '127.0.0.1', 'Mozilla/5.0 (Windows NT 10.0; Win64; x64) AppleWebKit/537.36 (KHTML, like Gecko) Chrome/145.0.0.0 Safari/537.36', '2026-03-03 01:28:18', '2026-03-03 01:28:18'),
('290', '1', 'admin_staff', 'admin_login', 'Admin/Staff login successful', '127.0.0.1', 'Mozilla/5.0 (Windows NT 10.0; Win64; x64) AppleWebKit/537.36 (KHTML, like Gecko) Chrome/145.0.0.0 Safari/537.36', '2026-03-03 01:28:45', '2026-03-03 01:28:45'),
('291', '1', 'admin_staff', 'Application Created', 'Registered new applicant: Annalyn Marcos', '127.0.0.1', NULL, '2026-03-03 02:52:15', '2026-03-03 02:52:15'),
('292', '1', 'admin_staff', 'Application Updated', 'Updated application for: Annalyn Marcos', '127.0.0.1', NULL, '2026-03-03 02:58:00', '2026-03-03 02:58:00'),
('293', '1', 'admin_staff', 'admin_login', 'Admin/Staff login successful', '127.0.0.1', 'Mozilla/5.0 (Windows NT 10.0; Win64; x64) AppleWebKit/537.36 (KHTML, like Gecko) Chrome/145.0.0.0 Safari/537.36', '2026-03-03 05:19:30', '2026-03-03 05:19:30'),
('294', '1', 'user', 'User Logged Out', 'User admin logged out.', '127.0.0.1', NULL, '2026-03-03 05:26:11', '2026-03-03 05:26:11'),
('295', '1', 'admin_staff', 'admin_login', 'Admin/Staff login successful', '127.0.0.1', 'Mozilla/5.0 (Windows NT 10.0; Win64; x64) AppleWebKit/537.36 (KHTML, like Gecko) Chrome/145.0.0.0 Safari/537.36', '2026-03-03 05:28:26', '2026-03-03 05:28:26'),
('296', '1', 'admin_staff', 'Application Approved', 'Approved request for Annalyn Marcos', '127.0.0.1', NULL, '2026-03-03 05:58:36', '2026-03-03 05:58:36'),
('297', '1', 'admin_staff', 'Application Updated', 'Updated application for: Annalyn Marcos', '127.0.0.1', NULL, '2026-03-03 06:12:27', '2026-03-03 06:12:27'),
('298', '1', 'admin_staff', 'admin_profile_updated', 'Admin/Staff profile updated', '127.0.0.1', 'Mozilla/5.0 (Windows NT 10.0; Win64; x64) AppleWebKit/537.36 (KHTML, like Gecko) Chrome/145.0.0.0 Safari/537.36', '2026-03-03 06:57:03', '2026-03-03 06:57:03'),
('299', '1', 'user', 'User Logged Out', 'User admin logged out.', '127.0.0.1', NULL, '2026-03-03 06:57:09', '2026-03-03 06:57:09'),
('300', '1', 'admin_staff', 'admin_login', 'Admin/Staff login successful', '127.0.0.1', 'Mozilla/5.0 (Windows NT 10.0; Win64; x64) AppleWebKit/537.36 (KHTML, like Gecko) Chrome/145.0.0.0 Safari/537.36', '2026-03-03 06:57:17', '2026-03-03 06:57:17'),
('301', '1', 'admin_staff', 'admin_login', 'Admin/Staff login successful', '127.0.0.1', 'Mozilla/5.0 (Windows NT 10.0; Win64; x64) AppleWebKit/537.36 (KHTML, like Gecko) Chrome/145.0.0.0 Safari/537.36', '2026-03-04 02:12:53', '2026-03-04 02:12:53'),
('302', '1', 'user', 'User Logged Out', 'User admin logged out.', '127.0.0.1', NULL, '2026-03-04 02:14:28', '2026-03-04 02:14:28'),
('303', '32', 'user', 'User Registered', 'User lebron@gmail.com registered successfully.', '127.0.0.1', NULL, '2026-03-04 02:15:07', '2026-03-04 02:15:07'),
('304', '32', 'user', 'User Logged In', 'User lebron@gmail.com logged in.', '127.0.0.1', NULL, '2026-03-04 02:15:20', '2026-03-04 02:15:20'),
('305', '32', 'user', 'User Logged Out', 'User lebron@gmail.com logged out.', '127.0.0.1', NULL, '2026-03-04 02:36:01', '2026-03-04 02:36:01'),
('306', '1', 'admin_staff', 'admin_login', 'Admin/Staff login successful', '127.0.0.1', 'Mozilla/5.0 (Windows NT 10.0; Win64; x64) AppleWebKit/537.36 (KHTML, like Gecko) Chrome/145.0.0.0 Safari/537.36', '2026-03-04 02:36:20', '2026-03-04 02:36:20'),
('307', '1', 'admin_staff', 'admin_login', 'Admin/Staff login successful', '127.0.0.1', 'Mozilla/5.0 (Windows NT 10.0; Win64; x64) AppleWebKit/537.36 (KHTML, like Gecko) Chrome/145.0.0.0 Safari/537.36', '2026-03-04 06:30:57', '2026-03-04 06:30:57'),
('308', '1', 'user', 'User Logged Out', 'User admin logged out.', '127.0.0.1', NULL, '2026-03-04 06:31:10', '2026-03-04 06:31:10'),
('309', '8', 'admin_staff', 'admin_login', 'Admin/Staff login successful', '127.0.0.1', NULL, '2026-03-04 06:31:20', '2026-03-04 06:31:20'),
('310', '33', 'user', 'User Logged In', 'User testuser logged in.', '127.0.0.1', NULL, '2026-03-04 06:31:21', '2026-03-04 06:31:21'),
('311', '1', 'admin_staff', 'admin_login', 'Admin/Staff login successful', '127.0.0.1', 'Mozilla/5.0 (Windows NT 10.0; Win64; x64) AppleWebKit/537.36 (KHTML, like Gecko) Chrome/145.0.0.0 Safari/537.36', '2026-03-04 06:32:44', '2026-03-04 06:32:44'),
('312', '1', 'user', 'User Logged Out', 'User admin logged out.', '127.0.0.1', NULL, '2026-03-04 06:33:49', '2026-03-04 06:33:49'),
('313', '1', 'admin_staff', 'admin_login', 'Admin/Staff login successful', '127.0.0.1', 'Mozilla/5.0 (Windows NT 10.0; Win64; x64) AppleWebKit/537.36 (KHTML, like Gecko) Chrome/145.0.0.0 Safari/537.36', '2026-03-04 06:34:09', '2026-03-04 06:34:09'),
('314', '34', 'user', 'User Registered', 'User renzbaho@gmail.com registered successfully.', '127.0.0.1', NULL, '2026-03-04 06:38:05', '2026-03-04 06:38:05'),
('315', '34', 'user', 'User Logged In', 'User renzbaho@gmail.com logged in.', '127.0.0.1', NULL, '2026-03-04 06:38:13', '2026-03-04 06:38:13'),
('316', '1', 'user', 'User Logged Out', 'User admin logged out.', '127.0.0.1', NULL, '2026-03-04 06:57:14', '2026-03-04 06:57:14'),
('317', '1', 'admin_staff', 'admin_login', 'Admin/Staff login successful', '127.0.0.1', 'Mozilla/5.0 (Windows NT 10.0; Win64; x64) AppleWebKit/537.36 (KHTML, like Gecko) Chrome/145.0.0.0 Safari/537.36', '2026-03-04 07:00:28', '2026-03-04 07:00:28'),
('318', '1', 'user', 'User Logged Out', 'User admin logged out.', '127.0.0.1', NULL, '2026-03-04 07:41:17', '2026-03-04 07:41:17'),
('319', '34', 'user', 'User Logged In', 'User renzbaho@gmail.com logged in.', '127.0.0.1', NULL, '2026-03-04 07:41:42', '2026-03-04 07:41:42'),
('320', '34', 'user', 'User Logged Out', 'User renzbaho@gmail.com logged out.', '127.0.0.1', NULL, '2026-03-04 07:41:52', '2026-03-04 07:41:52'),
('321', '1', 'admin_staff', 'admin_login', 'Admin/Staff login successful', '127.0.0.1', 'Mozilla/5.0 (Windows NT 10.0; Win64; x64) AppleWebKit/537.36 (KHTML, like Gecko) Chrome/145.0.0.0 Safari/537.36', '2026-03-04 07:45:49', '2026-03-04 07:45:49'),
('322', '1', 'admin_staff', 'User Deleted', 'Deleted user: testadmin', '127.0.0.1', 'Mozilla/5.0 (Windows NT 10.0; Win64; x64) AppleWebKit/537.36 (KHTML, like Gecko) Chrome/145.0.0.0 Safari/537.36', '2026-03-04 08:38:13', '2026-03-04 08:38:13'),
('323', '1', 'admin_staff', 'admin_login', 'Admin/Staff login successful', '127.0.0.1', 'Mozilla/5.0 (iPhone; CPU iPhone OS 26_2_1 like Mac OS X) AppleWebKit/605.1.15 (KHTML, like Gecko) CriOS/145.0.7632.108 Mobile/15E148 Safari/604.1', '2026-03-04 15:40:04', '2026-03-04 15:40:04'),
('324', '1', 'user', 'User Logged Out', 'User admin logged out.', '127.0.0.1', NULL, '2026-03-04 15:41:44', '2026-03-04 15:41:44'),
('325', '30', 'user', 'User Logged In', 'User faith@gmail.com logged in.', '127.0.0.1', NULL, '2026-03-04 15:42:06', '2026-03-04 15:42:06'),
('326', '1', 'admin_staff', 'admin_login', 'Admin/Staff login successful', '127.0.0.1', 'Mozilla/5.0 (Windows NT 10.0; Win64; x64) AppleWebKit/537.36 (KHTML, like Gecko) Chrome/145.0.0.0 Safari/537.36', '2026-03-05 02:20:24', '2026-03-05 02:20:24'),
('327', '1', 'admin_staff', 'admin_login', 'Admin/Staff login successful', '127.0.0.1', 'Mozilla/5.0 (iPhone; CPU iPhone OS 26_2_1 like Mac OS X) AppleWebKit/605.1.15 (KHTML, like Gecko) CriOS/145.0.7632.108 Mobile/15E148 Safari/604.1', '2026-03-05 02:51:01', '2026-03-05 02:51:01'),
('328', '1', 'user', 'User Logged Out', 'User admin logged out.', '127.0.0.1', NULL, '2026-03-05 02:58:37', '2026-03-05 02:58:37'),
('329', '1', 'admin_staff', 'admin_login', 'Admin/Staff login successful', '127.0.0.1', 'Mozilla/5.0 (Windows NT 10.0; Win64; x64) AppleWebKit/537.36 (KHTML, like Gecko) Chrome/145.0.0.0 Safari/537.36', '2026-03-05 03:00:29', '2026-03-05 03:00:29'),
('330', '1', 'user', 'User Logged Out', 'User admin logged out.', '127.0.0.1', NULL, '2026-03-05 03:15:25', '2026-03-05 03:15:25'),
('331', '1', 'admin_staff', 'admin_login', 'Admin/Staff login successful', '127.0.0.1', 'Mozilla/5.0 (Windows NT 10.0; Win64; x64) AppleWebKit/537.36 (KHTML, like Gecko) Chrome/145.0.0.0 Safari/537.36', '2026-03-05 03:16:17', '2026-03-05 03:16:17'),
('332', '1', 'user', 'User Logged Out', 'User admin logged out.', '127.0.0.1', NULL, '2026-03-05 05:55:17', '2026-03-05 05:55:17'),
('333', '1', 'user', 'User Logged Out', 'User admin logged out.', '127.0.0.1', NULL, '2026-03-05 06:49:40', '2026-03-05 06:49:40'),
('334', '35', 'user', 'User Registered', 'User renzz@gmail.com registered successfully.', '127.0.0.1', NULL, '2026-03-05 06:50:54', '2026-03-05 06:50:54'),
('335', '35', 'user', 'User Logged In', 'User renzz@gmail.com logged in.', '127.0.0.1', NULL, '2026-03-05 06:51:11', '2026-03-05 06:51:11'),
('336', '35', 'user', 'User Logged Out', 'User renzz@gmail.com logged out.', '127.0.0.1', NULL, '2026-03-05 06:52:08', '2026-03-05 06:52:08'),
('337', '1', 'admin_staff', 'admin_login', 'Admin/Staff login successful', '127.0.0.1', 'Mozilla/5.0 (Windows NT 10.0; Win64; x64) AppleWebKit/537.36 (KHTML, like Gecko) Chrome/145.0.0.0 Safari/537.36', '2026-03-05 06:53:31', '2026-03-05 06:53:31'),
('338', '33', 'user', 'User Logged In', 'User testuser logged in.', '127.0.0.1', NULL, '2026-03-05 07:26:53', '2026-03-05 07:26:53'),
('339', '1', 'admin_staff', 'admin_login', 'Admin/Staff login successful', '127.0.0.1', 'node', '2026-03-05 07:27:15', '2026-03-05 07:27:15'),
('340', '1', 'admin_staff', 'admin_login', 'Admin/Staff login successful', '127.0.0.1', 'Mozilla/5.0 (Windows NT; Windows NT 10.0; en-PH) WindowsPowerShell/5.1.26100.7705', '2026-03-05 08:12:22', '2026-03-05 08:12:22'),
('341', '33', 'user', 'User Logged In', 'User testuser logged in.', '127.0.0.1', NULL, '2026-03-05 08:12:23', '2026-03-05 08:12:23'),
('342', '1', 'admin_staff', 'admin_login', 'Admin/Staff login successful', '127.0.0.1', 'Mozilla/5.0 (Windows NT 10.0; Win64; x64) AppleWebKit/537.36 (KHTML, like Gecko) Chrome/145.0.0.0 Safari/537.36', '2026-03-05 08:14:59', '2026-03-05 08:14:59'),
('343', '1', 'admin_staff', 'admin_profile_updated', 'Admin/Staff profile updated', '127.0.0.1', 'Mozilla/5.0 (Windows NT 10.0; Win64; x64) AppleWebKit/537.36 (KHTML, like Gecko) Chrome/145.0.0.0 Safari/537.36', '2026-03-05 08:15:36', '2026-03-05 08:15:36'),
('344', '1', 'user', 'User Logged Out', 'User admin logged out.', '127.0.0.1', NULL, '2026-03-05 08:15:51', '2026-03-05 08:15:51'),
('345', '1', 'admin_staff', 'admin_login', 'Admin/Staff login successful', '127.0.0.1', 'Mozilla/5.0 (Windows NT 10.0; Win64; x64) AppleWebKit/537.36 (KHTML, like Gecko) Chrome/145.0.0.0 Safari/537.36', '2026-03-05 08:16:01', '2026-03-05 08:16:01'),
('346', '36', 'user', 'User Registered', 'User renzcalapao12@gmail.com registered successfully.', '127.0.0.1', NULL, '2026-03-05 08:18:32', '2026-03-05 08:18:32'),
('347', '36', 'user', 'User Logged In', 'User renzcalapao12@gmail.com logged in.', '127.0.0.1', NULL, '2026-03-05 08:18:45', '2026-03-05 08:18:45'),
('348', '1', 'user', 'User Logged Out', 'User admin logged out.', '127.0.0.1', NULL, '2026-03-05 08:19:54', '2026-03-05 08:19:54'),
('349', '1', 'admin_staff', 'admin_login', 'Admin/Staff login successful', '127.0.0.1', 'Mozilla/5.0 (Windows NT 10.0; Win64; x64) AppleWebKit/537.36 (KHTML, like Gecko) Chrome/145.0.0.0 Safari/537.36', '2026-03-05 08:20:02', '2026-03-05 08:20:02'),
('350', '36', 'user', 'Application Created', 'Registered new applicant: Jan Reinnen Calapao', '127.0.0.1', NULL, '2026-03-05 08:23:30', '2026-03-05 08:23:30'),
('351', NULL, 'user', 'Existing Record Encoded', 'Encoded existing record for: Linda Walker', '127.0.0.1', NULL, '2026-03-05 08:29:35', '2026-03-05 08:29:35'),
('352', '30', 'user', 'User Logged In', 'User faith@gmail.com logged in.', '127.0.0.1', NULL, '2026-03-05 12:26:09', '2026-03-05 12:26:09'),
('353', '1', 'user', 'User Logged Out', 'User admin logged out.', '127.0.0.1', NULL, '2026-03-05 12:26:26', '2026-03-05 12:26:26'),
('354', '30', 'user', 'User Logged Out', 'User faith@gmail.com logged out.', '127.0.0.1', NULL, '2026-03-05 12:37:04', '2026-03-05 12:37:04'),
('355', '1', 'admin_staff', 'admin_login', 'Admin/Staff login successful', '127.0.0.1', 'Mozilla/5.0 (iPhone; CPU iPhone OS 26_2_1 like Mac OS X) AppleWebKit/605.1.15 (KHTML, like Gecko) CriOS/145.0.7632.108 Mobile/15E148 Safari/604.1', '2026-03-05 12:37:18', '2026-03-05 12:37:18'),
('356', '9', 'admin_staff', 'admin_login', 'Admin/Staff login successful', '127.0.0.1', 'Mozilla/5.0 (Windows NT 10.0; Win64; x64) AppleWebKit/537.36 (KHTML, like Gecko) Chrome/145.0.0.0 Safari/537.36', '2026-03-05 13:14:03', '2026-03-05 13:14:03'),
('357', '9', 'admin_staff', 'admin_profile_updated', 'Admin/Staff profile updated', '127.0.0.1', 'Mozilla/5.0 (Windows NT 10.0; Win64; x64) AppleWebKit/537.36 (KHTML, like Gecko) Chrome/145.0.0.0 Safari/537.36', '2026-03-05 13:18:55', '2026-03-05 13:18:55'),
('358', '9', 'user', 'User Logged Out', 'User mayor logged out.', '127.0.0.1', NULL, '2026-03-05 13:19:07', '2026-03-05 13:19:07'),
('359', '9', 'admin_staff', 'admin_login', 'Admin/Staff login successful', '127.0.0.1', 'Mozilla/5.0 (Windows NT 10.0; Win64; x64) AppleWebKit/537.36 (KHTML, like Gecko) Chrome/145.0.0.0 Safari/537.36', '2026-03-05 13:19:25', '2026-03-05 13:19:25'),
('360', '1', 'user', 'User Logged Out', 'User admin logged out.', '127.0.0.1', NULL, '2026-03-05 14:12:33', '2026-03-05 14:12:33'),
('361', '9', 'admin_staff', 'admin_login', 'Admin/Staff login successful', '127.0.0.1', 'Mozilla/5.0 (Windows NT 10.0; Win64; x64) AppleWebKit/537.36 (KHTML, like Gecko) Chrome/145.0.0.0 Safari/537.36', '2026-03-05 14:12:46', '2026-03-05 14:12:46'),
('362', '9', 'admin_staff', 'admin_login', 'Admin/Staff login successful', '127.0.0.1', 'Mozilla/5.0 (iPhone; CPU iPhone OS 18_7 like Mac OS X) AppleWebKit/605.1.15 (KHTML, like Gecko) Mobile/15E148 [FBAN/FBIOS;FBAV/550.0.0.28.106;FBBV/890844927;FBDV/iPhone14,5;FBMD/iPhone;FBSN/iOS;FBSV/26.2.1;FBSS/3;FBCR/;FBID/phone;FBLC/en_US;FBOP/80]', '2026-03-05 14:19:30', '2026-03-05 14:19:30'),
('363', '30', 'user', 'User Logged Out', 'User faith@gmail.com logged out.', '127.0.0.1', NULL, '2026-03-05 14:19:50', '2026-03-05 14:19:50'),
('364', '9', 'admin_staff', 'admin_login', 'Admin/Staff login successful', '127.0.0.1', 'Mozilla/5.0 (iPhone; CPU iPhone OS 26_2_1 like Mac OS X) AppleWebKit/605.1.15 (KHTML, like Gecko) CriOS/145.0.7632.108 Mobile/15E148 Safari/604.1', '2026-03-05 14:20:05', '2026-03-05 14:20:05'),
('365', '9', 'user', 'User Logged Out', 'User mayor logged out.', '127.0.0.1', NULL, '2026-03-05 14:23:16', '2026-03-05 14:23:16'),
('366', '1', 'admin_staff', 'admin_login', 'admin admin logged in (Unified).', '127.0.0.1', 'Mozilla/5.0 (Windows NT 10.0; Win64; x64) AppleWebKit/537.36 (KHTML, like Gecko) Chrome/145.0.0.0 Safari/537.36', '2026-03-05 14:36:28', '2026-03-05 14:36:28'),
('367', '1', 'user', 'User Logged Out', 'User admin logged out.', '127.0.0.1', NULL, '2026-03-05 14:36:39', '2026-03-05 14:36:39'),
('368', '9', 'admin_staff', 'admin_login', 'mayor mayor logged in (Unified).', '127.0.0.1', 'Mozilla/5.0 (Windows NT 10.0; Win64; x64) AppleWebKit/537.36 (KHTML, like Gecko) Chrome/145.0.0.0 Safari/537.36', '2026-03-05 14:37:05', '2026-03-05 14:37:05'),
('369', '9', 'user', 'User Logged Out', 'User mayor logged out.', '127.0.0.1', NULL, '2026-03-05 14:37:15', '2026-03-05 14:37:15'),
('370', '30', 'user', 'User Logged In', 'User faith@gmail.com logged in (Unified).', '127.0.0.1', NULL, '2026-03-05 14:38:58', '2026-03-05 14:38:58'),
('371', '30', 'user', 'User Logged Out', 'User faith@gmail.com logged out.', '127.0.0.1', NULL, '2026-03-05 14:39:28', '2026-03-05 14:39:28'),
('372', '1', 'admin_staff', 'admin_login', 'admin admin logged in (Unified).', '127.0.0.1', 'Mozilla/5.0 (Windows NT 10.0; Win64; x64) AppleWebKit/537.36 (KHTML, like Gecko) Chrome/145.0.0.0 Safari/537.36', '2026-03-05 14:39:36', '2026-03-05 14:39:36'),
('373', '1', 'admin_staff', 'Application Approved', 'Approved request for Jan Reinnen Calapao', '127.0.0.1', NULL, '2026-03-05 14:48:49', '2026-03-05 14:48:49'),
('374', '1', NULL, 'Qualification Updated', 'Updated qualification for Renz Calapao', '127.0.0.1', NULL, '2026-03-05 14:52:11', '2026-03-05 14:52:11'),
('375', '1', 'user', 'User Logged Out', 'User admin logged out.', '127.0.0.1', NULL, '2026-03-05 15:07:11', '2026-03-05 15:07:11'),
('376', '7', 'admin_staff', 'admin_login', 'staff dexter logged in (Unified).', '127.0.0.1', 'Mozilla/5.0 (Windows NT 10.0; Win64; x64) AppleWebKit/537.36 (KHTML, like Gecko) Chrome/145.0.0.0 Safari/537.36', '2026-03-05 15:07:44', '2026-03-05 15:07:44'),
('377', '7', 'user', 'User Logged Out', 'User dexter logged out.', '127.0.0.1', NULL, '2026-03-05 15:26:20', '2026-03-05 15:26:20'),
('378', '9', 'admin_staff', 'admin_login', 'mayor mayor logged in (Unified).', '127.0.0.1', 'Mozilla/5.0 (Windows NT 10.0; Win64; x64) AppleWebKit/537.36 (KHTML, like Gecko) Chrome/145.0.0.0 Safari/537.36', '2026-03-05 15:31:23', '2026-03-05 15:31:23'),
('379', '1', 'admin_staff', 'admin_login', 'admin admin logged in (Unified).', '127.0.0.1', 'Mozilla/5.0 (Windows NT 10.0; Win64; x64) AppleWebKit/537.36 (KHTML, like Gecko) Chrome/145.0.0.0 Safari/537.36', '2026-03-06 00:03:25', '2026-03-06 00:03:25'),
('380', '1', 'user', 'User Logged Out', 'User admin logged out.', '127.0.0.1', NULL, '2026-03-06 00:06:24', '2026-03-06 00:06:24'),
('381', '9', 'admin_staff', 'admin_login', 'mayor mayor logged in (Unified).', '127.0.0.1', 'Mozilla/5.0 (Windows NT 10.0; Win64; x64) AppleWebKit/537.36 (KHTML, like Gecko) Chrome/145.0.0.0 Safari/537.36', '2026-03-06 00:06:38', '2026-03-06 00:06:38'),
('382', '9', 'user', 'User Logged Out', 'User mayor logged out.', '127.0.0.1', NULL, '2026-03-06 00:42:38', '2026-03-06 00:42:38'),
('383', '9', 'admin_staff', 'admin_login', 'mayor mayor logged in (Unified).', '127.0.0.1', 'Mozilla/5.0 (Windows NT 10.0; Win64; x64) AppleWebKit/537.36 (KHTML, like Gecko) Chrome/145.0.0.0 Safari/537.36', '2026-03-06 00:42:57', '2026-03-06 00:42:57'),
('384', '9', 'user', 'User Logged Out', 'User mayor logged out.', '127.0.0.1', NULL, '2026-03-06 00:49:21', '2026-03-06 00:49:21'),
('385', '1', 'admin_staff', 'admin_login', 'admin admin logged in (Unified).', '127.0.0.1', 'Mozilla/5.0 (Windows NT 10.0; Win64; x64) AppleWebKit/537.36 (KHTML, like Gecko) Chrome/145.0.0.0 Safari/537.36', '2026-03-06 01:17:40', '2026-03-06 01:17:40'),
('386', '1', 'user', 'User Logged Out', 'User admin logged out.', '127.0.0.1', NULL, '2026-03-09 05:11:00', '2026-03-09 05:11:00'),
('387', '1', 'admin_staff', 'admin_login', 'admin admin logged in (Unified).', '127.0.0.1', 'Mozilla/5.0 (Windows NT 10.0; Win64; x64) AppleWebKit/537.36 (KHTML, like Gecko) Chrome/145.0.0.0 Safari/537.36', '2026-03-09 05:14:16', '2026-03-09 05:14:16'),
('388', '1', 'user', 'User Logged Out', 'User admin logged out.', '127.0.0.1', NULL, '2026-03-09 05:16:17', '2026-03-09 05:16:17'),
('389', '1', 'admin_staff', 'admin_login', 'admin admin logged in (Unified).', '127.0.0.1', 'Mozilla/5.0 (Windows NT 10.0; Win64; x64) AppleWebKit/537.36 (KHTML, like Gecko) Chrome/145.0.0.0 Safari/537.36', '2026-03-09 05:17:47', '2026-03-09 05:17:47'),
('390', '9', 'user', 'User Logged Out', 'User mayor logged out.', '127.0.0.1', NULL, '2026-03-09 05:27:17', '2026-03-09 05:27:17'),
('391', '1', 'admin_staff', 'admin_login', 'admin admin logged in (Unified).', '127.0.0.1', 'Mozilla/5.0 (Windows NT 10.0; Win64; x64) AppleWebKit/537.36 (KHTML, like Gecko) Chrome/145.0.0.0 Safari/537.36', '2026-03-09 05:27:36', '2026-03-09 05:27:36'),
('392', '1', 'user', 'User Logged Out', 'User admin logged out.', '127.0.0.1', NULL, '2026-03-09 10:24:45', '2026-03-09 10:24:45'),
('393', '1', 'admin_staff', 'admin_login', 'admin admin logged in (Unified).', '127.0.0.1', 'Mozilla/5.0 (Windows NT 10.0; Win64; x64) AppleWebKit/537.36 (KHTML, like Gecko) Chrome/145.0.0.0 Safari/537.36', '2026-03-10 00:41:56', '2026-03-10 00:41:56'),
('394', '1', 'user', 'User Logged Out', 'User admin logged out.', '127.0.0.1', NULL, '2026-03-10 00:45:50', '2026-03-10 00:45:50'),
('395', '1', 'admin_staff', 'admin_login', 'admin admin logged in (Unified).', '127.0.0.1', 'Mozilla/5.0 (Windows NT 10.0; Win64; x64) AppleWebKit/537.36 (KHTML, like Gecko) Chrome/145.0.0.0 Safari/537.36', '2026-03-10 00:45:56', '2026-03-10 00:45:56');

SET FOREIGN_KEY_CHECKS=1;
